Code,Genus,Species,Name,Habitat,Type,Forest,Plot,Gmin,TLP,LSWC,MajVLA,N,C,P,K,TWI,DBH,SD
2,Gustavia,hexapetala,Gustavia_hexapetala,TF,TF,Paracou,15,0.822035947,-1.92892,184.2128,4.683976237,2.3,49.74,0.708380949,7.403774934,5.82837,13.53503185,192.3076923
7,Licania,membranacea,Licania_membranacea,TF,TF,Paracou,15,3.268563225,-1.96636,124.1807,2.674983894,1.41,49.06,0.390789188,5.418967385,8.124021,23.08917197,NA
13,Dicorynia,guianensis,Dicorynia_guianensis,TF,TF,Paracou,15,4.624109053,-1.31532,157.8594,4.274267251,1.88,53.17,0.710109133,6.800567101,5.708247,58.12101911,NA
14,Dicorynia,guianensis,Dicorynia_guianensis,TF,TF,Paracou,15,3.006559784,-1.33612,157.9045,4.390480067,2.12,52.4,0.753464188,6.688967385,5.708247,30.41401274,278.8461538
156,Poraqueiba,guianensis,Poraqueiba_guianensis,TF,TF,Paracou,14,1.728465905,-2.09948,119.0406,4.527417986,1.12,50.19,0.386825241,3.590250107,5.588491,19.9044586,298.0769231
160,Poraqueiba,guianensis,Poraqueiba_guianensis,TF,TF,Paracou,14,4.191577323,-2.03916,172.1575,4.922137905,1.13,47.68,0.640087067,5.618590357,8.119463,23.40764331,304.4871795
166,Poraqueiba,guianensis,Poraqueiba_guianensis,TF,TF,Paracou,14,1.445449755,-1.83116,133.7578,4.421231839,0.93,53.18,0.378265332,2.608949306,8.119463,11.94267516,352.5641026
170,Iryanthera,sagotiana,Iryanthera_sagotiana,TF,TF,Paracou,14,1.006987509,-1.5982,164.2501,9.167460468,1.11,48.76,0.58475658,6.115822001,5.770796,16.24203822,73.71794872
175,Dicorynia,guianensis,Dicorynia_guianensis,TF,TF,Paracou,14,2.683131642,-1.45468,156.9881,5.229320992,2.36,52.05,1.015594864,7.142161438,6.838751,25.15923567,NA
140,Poraqueiba,guianensis,Poraqueiba_guianensis,TF,TF,Paracou,11,3.850352385,-1.95596,121.2291,4.439777141,1.06,51.46,0.453060536,4.43087492,7.750878,13.37579618,314.1025641
184,Poraqueiba,guianensis,Poraqueiba_guianensis,TF,TF,Paracou,11,6.345029966,-1.88108,116.7065,4.265121341,0.73,46.3,0.387818158,6.565307703,7.750878,12.57961783,365.3846154
189,Virola,michelii,Virola_michelii,TF,TF,Paracou,11,1.690649251,-2.05788,124.7359,6.50009233,1.47,49.01,0.503087067,5.011090357,6.146863,33.43949045,NA
190,Virola,michelii,Virola_michelii,TF,TF,Paracou,11,2.921870409,-2.04748,130.519,5.896248661,1.44,52.55,0.481868936,4.09268304,6.146863,24.20382166,NA
191,Poraqueiba,guianensis,Poraqueiba_guianensis,TF,TF,Paracou,11,0.8888033,-1.86652,140.6373,5.162907154,1.17,56.68,0.432344411,3.153994351,6.814266,14.17197452,326.9230769
193,Virola,michelii,Virola_michelii,TF,TF,Paracou,11,2.450190952,-1.7334,147.5944,5.110937381,1.9,50.91,0.579666733,4.493333691,6.814266,26.27388535,NA
29,Poraqueiba,guianensis,Poraqueiba_guianensis,TF,TF,Paracou,15,1.788188984,-2.01004,128.2889,4.167225577,1.12,51.49,0.563746061,3.587761265,5.543244,15.2866242,391.025641
30,Poraqueiba,guianensis,Poraqueiba_guianensis,TF,TF,Paracou,15,2.276769982,-1.97052,160.4218,5.021528718,1.1,51.31,0.605464188,5.813967385,8.124021,17.19745223,224.3589744
33,Gustavia,hexapetala,Gustavia_hexapetala,TF,TF,Paracou,15,2.076556443,-1.93308,225.3025,5.128072294,1.59,50.5,0.599364823,11.35760977,8.083855,13.53503185,346.1538462
50,Gustavia,hexapetala,Gustavia_hexapetala,TF,TF,Paracou,15,0.856258957,-2.15772,161.2775,5.494658649,1.72,47.14,0.488936315,5.413141102,7.951713,14.01273885,192.3076923
51,Dicorynia,guianensis,Dicorynia_guianensis,TF,TF,Paracou,15,7.01415174,-1.6086,156.4003,4.463773235,1.74,51.84,0.482664188,3.548467385,7.951713,15.2866242,211.5384615
74,Licania,membranacea,Licania_membranacea,TF,TF,Paracou,6,3.349009769,-1.95804,157.7732,3.983878885,1.25,49.9,0.405703511,12.1453723,9.552659,17.67515924,NA
88,Virola,michelii,Virola_michelii,TF,TF,Paracou,6,2.145659967,-1.7334,155.03,7.760236435,2.11,53.23,0.67892653,5.7914861,11.244987,13.37579618,272.4358974
94,Licania,membranacea,Licania_membranacea,TF,TF,Paracou,6,3.927597246,-1.9206,145.0477,4.857953165,1.75,47.4,0.613200267,8.97256292,10.639692,13.85350318,NA
96,Iryanthera,sagotiana,Iryanthera_sagotiana,TF,TF,Paracou,6,3.257,-1.59404,158.2896,8.218057992,1.6,54.01,0.82473654,9.913417192,6.746623,26.11464968,163.4615385
98,Iryanthera,sagotiana,Iryanthera_sagotiana,TF,TF,Paracou,14,0.68027718,-1.60444,152.264,8.824771298,1.26,54.39,0.63045661,7.256334023,5.770796,25.47770701,118.5897436
101,Poraqueiba,guianensis,Poraqueiba_guianensis,TF,TF,Paracou,14,1.741044923,-2.01836,137.3893,6.663215948,1.12,51.68,0.664590181,6.44392447,5.588491,27.07006369,349.3589744
106,Dicorynia,guianensis,Dicorynia_guianensis,TF,TF,Paracou,14,7.215293764,-1.45884,160.057,3.368115591,1.83,50.62,0.482513297,5.115916482,6.838751,27.07006369,NA
113,Gustavia,hexapetala,Gustavia_hexapetala,TF,TF,Paracou,14,5.4243827,-1.7854,243.707,5.632742549,2.24,50.31,0.770930671,10.68755902,5.588491,17.3566879,304.4871795
114,Licania,membranacea,Licania_membranacea,TF,TF,Paracou,14,5.283849856,-2.17228,112.259,6.288957863,1.26,50.39,0.391516309,5.535822446,7.270682,23.72611465,NA
107,Poraqueiba,guianensis,Poraqueiba_guianensis,TF,TF,Paracou,14,2.990421885,-1.85404,129.5871,4.415827561,0.86,52.82,0.468389651,4.044657343,10.902845,27.70700637,358.974359
121,Iryanthera,sagotiana,Iryanthera_sagotiana,TF,TF,Paracou,14,1.743102372,-1.48172,146.8162,5.347713147,1.37,52.87,0.800387454,14.38797834,11.366833,18.63057325,51.28205128
129,Virola,michelii,Virola_michelii,TF,TF,Paracou,14,5.155922428,-1.76252,130.9695,4.73659874,1.43,53.38,0.498734536,5.098787933,5.931537,23.88535032,205.1282051
146,Licania,membranacea,Licania_membranacea,TF,TF,Paracou,14,4.520910749,-1.89772,109.7865,7.094274674,1.21,50.31,0.408812067,9.008590357,6.196265,22.29299363,NA
151,Poraqueiba,guianensis,Poraqueiba_guianensis,TF,TF,Paracou,14,1.340250028,-2.08076,155.8219,5.126738473,0.95,43.42,0.514587067,6.118590357,6.936626,21.97452229,275.6410256
153,Dicorynia,guianensis,Dicorynia_guianensis,TF,TF,Paracou,14,6.271447981,-1.70428,133.4662,4.929757016,1.9,51.73,0.55697312,5.492605147,6.196265,62.85828025,368.5897436
154,Iryanthera,sagotiana,Iryanthera_sagotiana,TF,TF,Paracou,14,1.632172985,-1.62316,183.4288,4.938565407,1.27,47.46,0.429557509,2.209880477,6.196265,17.03821656,75.75757576
250,Gustavia,hexapetala,Gustavia_hexapetala,TF,TF,Bafog,3,1.77418,-1.78124,196.5253,2.546531763,2.07,48.86,0.60030015,9.150225255,6.107582,12.42,285.2564103
251,Virola,michelii,Virola_michelii,TF,TF,Bafog,3,7.446591,-1.6918,153.0214,6.270220721,2.16,53.9,0.6825,3.379650143,6.107582,14.33,NA
252,Iryanthera,sagotiana,Iryanthera_sagotiana,TF,TF,Bafog,3,1.371742,-1.619,161.9963,7.221693709,1.65,50.64,0.496053946,3.591558584,6.107582,24.04,160.2564103
253,Licania,membranacea,Licania_membranacea,TF,TF,Bafog,3,3.976643,-1.9102,169.0901,8.527739504,1.61,50.04,0.408541459,11.46418596,6.107582,17.68,NA
259,Dicorynia,guianensis,Dicorynia_guianensis,TF,TF,Bafog,3,4.423291,-1.49628,170.3478,4.382388425,2.64,53.02,0.734632684,5.472913686,7.77657,17.83,269.2307692
260,Iryanthera,sagotiana,Iryanthera_sagotiana,TF,TF,Bafog,3,3.152384,-1.60652,152.1145,6.273746274,1.67,51.11,0.638542187,8.178382569,7.77657,21.82,157.0512821
263,Poraqueiba,guianensis,Poraqueiba_guianensis,TF,TF,Bafog,3,2.757742,-1.82284,139.6617,5.626773763,1.13,52.39,0.505252626,3.521911098,7.77657,21.66,253.2051282
269,Dicorynia,guianensis,Dicorynia_guianensis,TF,TF,Bafog,3,11.92909,-1.27788,157.8295,4.874375491,2.35,53.05,0.727318296,3.495889868,7.381081,12.42,NA
271,Dicorynia,guianensis,Dicorynia_guianensis,TF,TF,Bafog,3,11.09658,-1.23836,118.9339,5.025585916,2.72,53.26,0.850074963,5.612843721,6.107582,65.03,391.4141414
272,Poraqueiba,guianensis,Poraqueiba_guianensis,TF,TF,Bafog,3,5.048667,-2.0038,153.3153,8.050904883,0.98,52.8,0.393334998,2.056066044,6.107582,30.89,371.7948718
275,Poraqueiba,guianensis,Poraqueiba_guianensis,TF,TF,Bafog,3,4.647826,-1.91436,151.6628,5.769988086,1.42,52.86,0.507253627,2.856328307,7.381081,26.43,192.3076923
281,Poraqueiba,guianensis,Poraqueiba_guianensis,TF,TF,Bafog,3,8.390362,-2.01628,165.1153,8.587574619,1.27,52.69,0.52126063,4.485893089,7.381081,29.78,242.3469388
283,Dicorynia,guianensis,Dicorynia_guianensis,TF,TF,Bafog,3,6.068628,-1.5254,184.4526,4.334957755,2.92,52.15,0.8825,6.560650143,7.381081,12.42,NA
284,Dicorynia,guianensis,Dicorynia_guianensis,TF,TF,Bafog,3,5.408012,-1.45468,156.8538,4.269859188,2.69,52.51,0.832583708,5.837731277,7.381081,15.61,127.5510204
285,Poraqueiba,guianensis,Poraqueiba_guianensis,TF,TF,Bafog,3,4.361329,-1.87484,136.8614,6.146615234,1.23,48.88,0.513216958,3.174214606,7.381081,24.68,374.1496599
289,Licania,membranacea,Licania_membranacea,TF,TF,Bafog,3,5.771723,-2.27836,107.5417,7.273075346,1.58,41.84,0.583291646,6.894097191,7.381081,24.36,NA
319,Licania,membranacea,Licania_membranacea,TF,TF,Bafog,3,6.426741,-2.04748,128.0792,7.493193675,1.5,50.28,0.406134663,6.439551265,7.77657,26.27,NA
327,Virola,michelii,Virola_michelii,TF,TF,Bafog,3,4.379839,-2.03916,193.2745,6.167506225,2.49,53.34,0.668331668,5.525125018,5.739544,19.75,NA
328,Gustavia,hexapetala,Gustavia_hexapetala,TF,TF,Bafog,3,2.823498,-2.04124,165.1502,2.676421157,1.88,48.39,0.571928072,5.964685457,6.428874,10.83,233.8435374
352,Dicorynia,guianensis,Dicorynia_guianensis,TF,TF,Bafog,2,4.328074,-1.29868,155.4541,3.311530376,2.57,53.35,0.874687968,6.03659525,6.274916,55.03,NA
354,Virola,michelii,Virola_michelii,TF,TF,Bafog,2,3.839539,-1.47964,201.3707,3.574638847,2.17,53.16,0.559440559,4.06708306,6.488138,22.29,NA
356,Iryanthera,sagotiana,Iryanthera_sagotiana,TF,TF,Bafog,2,1.486978,-1.44428,216.6896,7.806444894,1.8,53.19,0.528942116,3.645608925,6.488138,20.38,NA
357,Gustavia,hexapetala,Gustavia_hexapetala,TF,TF,Bafog,2,4.629287,-1.96012,226.8495,3.149273126,2.07,49.56,0.555389222,4.066517109,6.488138,12.42,NA
361,Virola,michelii,Virola_michelii,TF,TF,Bafog,2,5.771723,-1.63772,158.6695,6.834051069,2.17,51.92,0.6795,3.251900143,5.393234,40.92,NA
362,Iryanthera,sagotiana,Iryanthera_sagotiana,TF,TF,Bafog,2,1.950403,-1.64396,144.1921,6.758330836,1.69,54.55,0.589820359,5.724201739,5.393234,19.43,NA
367,Virola,michelii,Virola_michelii,TF,TF,Bafog,2,9.474659,-1.51916,183.4096,5.011539984,2.24,49.62,0.730404393,4.179880322,5.510303,33.76,NA
369,Gustavia,hexapetala,Gustavia_hexapetala,TF,TF,Bafog,2,1.744519,-1.74796,231.5659,3.461730943,2.5,46.55,0.798302546,9.591263248,5.510303,14.49,212.585034
370,Gustavia,hexapetala,Gustavia_hexapetala,TF,TF,Bafog,2,8.856904,-1.95388,215.493,2.742867281,1.87,46.02,0.50872818,8.319850517,5.510303,12.74,352.8911565
375,Virola,michelii,Virola_michelii,TF,TF,Bafog,2,10.45962,-1.59196,131.1043,4.905709372,1.72,55.05,0.543543544,3.511161304,5.510303,32.8,NA
378,Virola,michelii,Virola_michelii,TF,TF,Bafog,2,2.155309,-1.74796,136.1419,4.311021704,1.95,55.28,0.56159601,2.904139793,5.510303,24.36,272.1088435
379,Gustavia,hexapetala,Gustavia_hexapetala,TF,TF,Bafog,2,2.246313,-2.03292,211.824,3.627604822,2.01,43.17,0.573573574,5.571221364,5.865359,10.67,327.3809524
387,Gustavia,hexapetala,Gustavia_hexapetala,TF,TF,Bafog,5,4.620926,-1.6918,210.1382,5.010467221,2.25,49.16,0.655263192,6.468625346,10.762482,12.1,NA
388,Gustavia,hexapetala,Gustavia_hexapetala,TF,TF,Bafog,5,1.167113,-1.85404,283.1803,4.135585744,1.89,49.66,0.62607623,9.238244468,10.762482,12.1,NA
417,Iryanthera,sagotiana,Iryanthera_sagotiana,TF,TF,Bafog,5,2.251529,-1.42764,154.5598,5.826512666,1.54,51.32,0.517986213,2.614703291,5.813896,23.73,NA
431,Gustavia,hexapetala,Gustavia_hexapetala,TF,TF,Bafog,5,1.337069,-1.86444,249.378,2.214778069,2.01,48.66,0.540222969,6.372253093,6.104334,18.15,276.3605442
451,Poraqueiba,guianensis,Poraqueiba_guianensis,TF,TF,Bafog,3,3.909964,-1.73548,126.8363,4.305902073,1.2,44.76,0.562826018,3.389765111,8.394425,31.37,344.3877551
455,Poraqueiba,guianensis,Poraqueiba_guianensis,TF,TF,Bafog,3,3.520896,-1.80828,145.2942,4.929076923,1.39,51.94,0.56990833,5.979655862,7.826711,24.68,225.3401361
458,Poraqueiba,guianensis,Poraqueiba_guianensis,TF,TF,Bafog,3,4.087933,-1.65644,126.3953,2.953063729,1.59,51.64,0.506995703,3.047257203,7.826711,30.25,199.829932
460,Poraqueiba,guianensis,Poraqueiba_guianensis,TF,TF,Bafog,3,2.387088,-2.01628,141.1078,3.682103871,1.34,51.19,0.560543464,2.966358525,7.381081,22.61,289.1156463
461,Poraqueiba,guianensis,Poraqueiba_guianensis,TF,TF,Bafog,3,2.545828,-1.75628,122.4103,3.788915162,1.92,51.23,0.769378503,6.180535079,7.381081,22.45,NA
473,Licania,membranacea,Licania_membranacea,TF,TF,Bafog,4,8.341654,-1.7334,120.6498,4.198571793,1.7,42.62,0.378394982,3.347069485,7.837981,12.32,NA
477,Poraqueiba,guianensis,Poraqueiba_guianensis,TF,TF,Kaw,Kaw,1.775931438,-1.87068,157.5455,5.666137307,1.56,51.64,0.549164863,3.661552242,6.166006,13.7,476.1904762
479,Iryanthera,sagotiana,Iryanthera_sagotiana,TF,TF,Kaw,Kaw,1.260239077,-1.81452,206.9529,7.150103322,2.01,50.18,0.87782428,10.2584961,6.350865,32.1,NA
480,Poraqueiba,guianensis,Poraqueiba_guianensis,TF,TF,Kaw,Kaw,2.321891977,-1.94764,149.5338,6.929853093,1.47,52.64,0.624011215,4.458542431,6.350865,16.2,386.9047619
482,Poraqueiba,guianensis,Poraqueiba_guianensis,TF,TF,Kaw,Kaw,2.432164694,-1.95388,127.3967,3.099415968,1.32,52.01,0.741151465,5.046056262,6.350865,24.2,416.6666667
483,Iryanthera,sagotiana,Iryanthera_sagotiana,TF,TF,Kaw,Kaw,1.461042515,-1.62108,167.6826,8.906972227,1.83,53.76,0.676248819,6.488892008,6.143994,15.7,NA
485,Licania,membranacea,Licania_membranacea,TF,TF,Kaw,Kaw,7.705284257,-2.29084,117.2048,4.467217757,1.42,47.57,0.427544331,4.713840744,6.350865,43.7,NA
486,Virola,michelii,Virola_michelii,TF,TF,Kaw,Kaw,6.345198782,-2.13692,120.6056,6.700803859,1.84,54.08,0.467188192,3.011375346,6.143994,22.9,NA
488,Poraqueiba,guianensis,Poraqueiba_guianensis,TF,TF,Kaw,Kaw,2.106495176,-1.72092,142.6255,4.39418221,1.23,52.33,0.861486165,4.929484315,6.166006,31,386.9047619
489,Iryanthera,sagotiana,Iryanthera_sagotiana,TF,TF,Kaw,Kaw,1.723343663,-1.6502,177.3807,5.993901143,1.79,54.19,0.63489809,5.066191538,6.166006,20.4,161.5646259
492,Poraqueiba,guianensis,Poraqueiba_guianensis,TF,TF,Kaw,Kaw,2.34409978,-2.28668,148.2569,3.264864089,1.22,51.95,0.42317478,2.337794243,6.166006,16.2,323.1292517
493,Virola,michelii,Virola_michelii,TF,TF,Kaw,Kaw,4.836004724,-1.82284,163.454,7.291256679,2.04,53.52,0.981744937,6.950575922,6.961741,40,NA
496,Poraqueiba,guianensis,Poraqueiba_guianensis,TF,TF,Kaw,Kaw,3.404148219,-1.90188,141.1589,5.11338868,1.33,52,0.63794422,5.076087303,6.166006,19.4,378.4013605
505,Virola,michelii,Virola_michelii,TF,TF,Kaw,Kaw,3.459042836,-1.71468,142.3659,9.279185645,1.91,53.36,0.842420772,6.846778568,6.756272,55,NA
507,Iryanthera,sagotiana,Iryanthera_sagotiana,TF,TF,Kaw,Kaw,1.585982272,-1.567,163.0469,4.214116343,1.59,54.13,0.831341546,6.179073029,8.694102,38.2,NA
518,Virola,michelii,Virola_michelii,TF,TF,Kaw,Kaw,5.161980671,-1.56284,214.1689,9.66825022,2.53,53.85,1.236763192,12.51862535,6.908254,38.2,NA
520,Iryanthera,sagotiana,Iryanthera_sagotiana,TF,TF,Kaw,Kaw,0.864584961,-1.65228,152.0538,6.60230731,1.46,53.39,0.494750067,3.837970272,6.550724,22.3,140.3061224
521,Iryanthera,sagotiana,Iryanthera_sagotiana,TF,TF,Kaw,Kaw,2.784544694,-1.54828,129.6393,6.700803859,1.81,52.79,0.673263192,2.825125346,6.550724,24.5,144.5578231
522,Iryanthera,sagotiana,Iryanthera_sagotiana,TF,TF,Kaw,Kaw,0.693713631,-1.66892,154.3467,8.751007296,1.64,53.68,0.590238789,3.130451475,6.166006,33.6,153.0612245
525,Licania,membranacea,Licania_membranacea,TF,TF,Kaw,Kaw,5.093437813,-2.1286,122.545,8.06699129,1.38,50.32,0.380797793,4.459895398,7.686897,46,NA
526,Gustavia,hexapetala,Gustavia_hexapetala,TF,TF,Kaw,Kaw,2.974574862,-1.92892,167.7055,3.904207997,1.85,48.67,0.619453466,9.433908392,8.654542,20,289.1156463
527,Poraqueiba,guianensis,Poraqueiba_guianensis,TF,TF,Kaw,Kaw,2.128672552,-1.87276,148.1597,4.98429474,1.03,51.15,0.399762599,5.331955234,7.841443,13,561.2244898
530,Licania,membranacea,Licania_membranacea,TF,TF,Kaw,Kaw,5.199258875,-2.27004,134.8131,3.986965999,1.52,49.48,0.410388192,6.873625346,8.127021,11,NA
531,Licania,membranacea,Licania_membranacea,TF,TF,Kaw,Kaw,6.479975322,-2.01836,176.1515,6.17147157,1.44,48.85,0.345070586,6.004618419,6.924703,10.5,NA
578,Iryanthera,sagotiana,Iryanthera_sagotiana,TF,TF,Kaw,Tresor,0.699581248,-1.29452,149.2461,7.746811331,1.67,49.31,0.74025996,4.562288288,5.707512,35.9,199.829932
579,Licania,membranacea,Licania_membranacea,TF,TF,Kaw,Tresor,2.704904807,-1.65436,145.2774,4.422189522,1.79,51.95,0.5700197,8.838976,6.703697,18.6,NA
580,Poraqueiba,guianensis,Poraqueiba_guianensis,TF,TF,Kaw,Tresor,1.793682556,-1.89772,162.5083,5.031763471,1.27,52.29,0.478163373,4.112500998,6.703697,36.5,425.170068
582,Iryanthera,sagotiana,Iryanthera_sagotiana,TF,TF,Kaw,Tresor,0.740329856,-1.51084,167.1191,9.747583983,1.68,53.02,0.700870135,6.867409705,6.345963,27.1,178.5714286
583,Poraqueiba,guianensis,Poraqueiba_guianensis,TF,TF,Kaw,Tresor,2.490491576,-1.57948,167.1191,3.783755128,1.48,52.79,1.02757485,7.398773547,6.345963,14.3,310.3741497
584,Gustavia,hexapetala,Gustavia_hexapetala,TF,TF,Kaw,Tresor,0.970106546,-1.91644,265.7003,3.109125819,3.11,46.98,0.854446923,10.13904552,6.690291,21.6,259.3537415
588,Gustavia,hexapetala,Gustavia_hexapetala,TF,TF,Kaw,Tresor,0.84354623,-1.58572,207.4545,3.846033306,2.26,49.96,1.402122884,13.36902954,6.345963,18.5,331.6326531
589,Gustavia,hexapetala,Gustavia_hexapetala,TF,TF,Kaw,Tresor,3.636506,-1.91852,240.911,5.158743323,2.99,46.65,0.7840197,12.648976,6.345963,19.7,361.3945578
590,Gustavia,hexapetala,Gustavia_hexapetala,TF,TF,Kaw,Tresor,2.656887,-1.67516,248.0952,3.404292484,2.51,49.91,0.7925197,11.153976,6.345963,25.9,335.8843537
594,Virola,michelii,Virola_michelii,TF,TF,Kaw,Tresor,5.6987,-1.64396,212.5555,5.233413789,2.29,53.47,0.859449425,7.732842421,6.345963,21.7,NA
600,Virola,michelii,Virola_michelii,TF,TF,Kaw,Tresor,7.672562,-1.6398,209.3714,3.002826325,2.61,58.46,1.017310656,8.926631737,5.748245,18.1,NA
660,Gustavia,hexapetala,Gustavia_hexapetala,TF,TF,Paracou,16,4.029042671,-2.18476,257.9885,3.48978379,2.27,47.55,0.608995355,8.334473616,9.992872,12.89808917,227.5641026
491,Poraqueiba,guianensis,Poraqueiba_guianensis,TF,TF,Kaw,Kaw,1.349836295,-2.15772,150.8276,7.35806452,1.32,50.18,0.464009206,3.450801548,6.350865,10.3,459.1836735
1,Iryanthera,hostmannii,Iryanthera_hostmannii,BF,BF,Paracou,15,1.126989608,-1.57116,152.3372,5.939661725,1.43,53.62,0.887238665,11.1963601,8.069946,13.05732484,227.5641026
3,Iryanthera,hostmannii,Iryanthera_hostmannii,BF,BF,Paracou,15,0.935228521,-1.48588,150.2864,6.381732591,1.54,53.56,0.934496939,11.39327075,8.069946,17.03821656,198.7179487
157,Protium,opacum subsp. rabelianum,Protium_opacum subsp. rabelianum,BF,BF,Paracou,14,3.07,-2.31372,132.8876,6.297176076,1.14,51.46,0.5205665,5.438152205,10.655679,24.52229299,349.3589744
158,Iryanthera,hostmannii,Iryanthera_hostmannii,BF,BF,Paracou,14,1.421051191,-1.671,131.4822,4.65295581,1.48,50.95,0.845241825,11.36722313,10.655679,12.42038217,118.5897436
165,Laetia,procera,Laetia_procera,BF,BF,Paracou,14,0.861663981,-2.07868,157.5031,4.585558274,1.42,45.43,0.864383642,12.36213356,8.119463,32.1656051,782.8282828
167,Eschweilera,coriacea,Eschweilera_coriacea,BF,BF,Paracou,14,0.752451762,-1.63772,113.8375,5.860169992,1.69,54.88,0.603380306,5.562465426,10.655679,25.47770701,435.8974359
178,Pterocarpus,officinalis,Pterocarpus_officinalis,BF,BF,Paracou,11,3.995808821,-1.40476,209.2991,4.275642818,2.79,52.03,1.483312035,14.03964983,8.819272,21.81528662,NA
182,Pterocarpus,officinalis,Pterocarpus_officinalis,BF,BF,Paracou,11,1.704577379,-1.62108,280.2897,6.520621689,3.09,52.03,1.47287775,18.63064439,8.819272,26.91082803,375
116,Iryanthera,hostmannii,Iryanthera_hostmannii,BF,BF,Paracou,13,1.01421372,-1.76252,112.8575,5.148568512,1.6,51.88,0.61670377,8.161752109,9.582552,15.12738854,134.6153846
148,Laetia,procera,Laetia_procera,BF,BF,Paracou,13,2.03998392,-1.66892,196.7544,2.707027185,1.49,48.83,0.475287067,4.840840357,9.54106,25.31847134,641.025641
149,Pterocarpus,officinalis,Pterocarpus_officinalis,BF,BF,Paracou,13,1.20358031,-1.62108,147.8316,3.954236869,2.27,46.72,0.98060646,10.68290745,9.54106,41.71974522,381.4102564
201,Eperua,falcata,Eperua_falcata,BF,BF,Paracou,13,0.890125465,-2.00588,122.716,9.996821837,1.89,52.35,0.856658737,8.204488113,9.54106,36.14649682,493.5897436
202,Eperua,falcata,Eperua_falcata,BF,BF,Paracou,13,0.898129177,-1.75004,156.7324,10.24301455,1.94,52.09,0.798885953,4.964554912,9.54106,38.69426752,407.0512821
203,Eschweilera,coriacea,Eschweilera_coriacea,BF,BF,Paracou,13,1.265027228,-1.74588,172.1585,3.623738749,1.83,51.63,0.754209962,3.229225744,9.54106,16.71974522,358.974359
204,Laetia,procera,Laetia_procera,BF,BF,Paracou,13,3.367441515,-1.84988,144.2341,6.551625587,1.78,50.39,0.717869197,6.227362994,9.54106,34.07643312,660.2564103
205,Iryanthera,hostmannii,Iryanthera_hostmannii,BF,BF,Paracou,13,0.833688733,-1.64812,139.6641,4.715679671,1.47,52.88,0.632689,7.670578621,9.54106,17.19745223,211.5384615
206,Carapa,surinamensis,Carapa_surinamensis,BF,BF,Paracou,13,1.294329955,-1.84156,148.6188,2.617282451,1.73,48.51,0.814994564,5.196188451,9.54106,17.51592357,NA
207,Symphonia,globulifera,Symphonia_globulifera,BF,BF,Paracou,13,1.396226537,-1.71884,240.9301,4.738977644,1.53,49.77,0.684402664,15.50308727,9.54106,33.75796178,230.7692308
197,Protium,opacum subsp. rabelianum,Protium_opacum subsp. rabelianum,BF,BF,Paracou,13,8.025911435,-2.30124,114.2909,5.380297595,1.58,50.53,0.754587067,6.998590357,8.45702,25,275.6410256
208,Carapa,surinamensis,Carapa_surinamensis,BF,BF,Paracou,13,1.344525007,-1.73132,149.2003,1.970808622,1.78,48.11,0.682110232,4.773250232,8.45702,19.9044586,NA
213,Eperua,falcata,Eperua_falcata,BF,BF,Paracou,13,2.911327596,-1.8998,143.7267,9.852135302,2.06,51.98,0.864383642,5.436745475,8.45702,47.29299363,467.9487179
221,Pterocarpus,officinalis,Pterocarpus_officinalis,BF,BF,Paracou,13,2.18697937,-1.879,146.6811,4.001366981,2.55,52.33,1.100249377,8.260000143,9.582552,32.80254777,298.0769231
222,Eschweilera,coriacea,Eschweilera_coriacea,BF,BF,Paracou,13,1.399826903,-1.97052,118.7836,4.232081431,2.03,52.44,0.798,5.735650143,9.582552,42.03821656,400.6410256
223,Symphonia,globulifera,Symphonia_globulifera,BF,BF,Paracou,13,1.432947538,-1.6918,200.3532,5.890484344,1.48,48.6,0.678642715,13.45374266,9.758042,41.40127389,192.3076923
225,Eperua,falcata,Eperua_falcata,BF,BF,Paracou,13,2.073503102,-1.79164,111.5078,6.447918198,2.07,52.36,0.818637275,6.172996135,9.758042,15.92356688,317.3076923
226,Pterocarpus,officinalis,Pterocarpus_officinalis,BF,BF,Paracou,13,1.547073787,-1.76668,174.9472,6.278531603,3.2,52,1.022988506,9.840729778,9.758042,20.70063694,310.8974359
227,Pterocarpus,officinalis,Pterocarpus_officinalis,BF,BF,Paracou,13,1.421754003,-1.56492,159.107,4.377333512,2.79,51.23,1.165668663,11.31801411,9.582552,27.07006369,230.7692308
229,Pterocarpus,officinalis,Pterocarpus_officinalis,BF,BF,Paracou,13,0.838780748,-1.49836,182.8868,5.396665417,2.49,52.53,1.227341012,12.08377581,9.582552,30.89171975,243.5897436
209,Symphonia,globulifera,Symphonia_globulifera,BF,BF,Paracou,13,1.19113597,-1.8582,212.7,6.871596342,1.32,51.08,0.571730528,11.97253543,10.237195,64.17197452,253.2051282
216,Eschweilera,coriacea,Eschweilera_coriacea,BF,BF,Paracou,13,1.006220336,-1.52332,144.2936,7.867586274,1.45,51.87,0.627400767,4.649415065,9.54106,40.76433121,525.6410256
232,Symphonia,globulifera,Symphonia_globulifera,BF,BF,Paracou,13,1.317482779,-1.62732,209.0636,5.766198552,1.38,50.08,0.586913087,11.39925089,10.237195,28.18471338,256.4102564
233,Laetia,procera,Laetia_procera,BF,BF,Paracou,13,3.170767041,-1.77916,158.934,4.033688888,1.27,50.69,0.48095,2.753400143,10.237195,27.07006369,862.1794872
240,Eperua,falcata,Eperua_falcata,BF,BF,Paracou,14,1.216822247,-1.57532,117.649,3.65925377,0.9,54.79,0.392667668,3.744394537,10.077485,40.44585987,240.3846154
8,Iryanthera,hostmannii,Iryanthera_hostmannii,BF,BF,Paracou,15,1.069028672,-1.64604,118.1204,5.683870045,1.33,54.26,0.467080647,3.142646062,13.681671,15.92356688,92.94871795
21,Iryanthera,hostmannii,Iryanthera_hostmannii,BF,BF,Paracou,15,0.78260303,-1.6918,126.8751,6.548799698,1.21,52.33,0.609683555,6.186340065,13.681671,17.67515924,169.8717949
22,Carapa,surinamensis,Carapa_surinamensis,BF,BF,Paracou,15,0.931716624,-1.73964,173.2756,2.623665504,1.13,49.62,0.512476664,6.180147532,13.681671,21.17834395,NA
23,Eperua,falcata,Eperua_falcata,BF,BF,Paracou,15,1.243664433,-1.67724,139.9931,6.05979388,1.69,51.73,0.704964188,8.278967385,13.681671,42.03821656,471.1538462
28,Eperua,falcata,Eperua_falcata,BF,BF,Paracou,15,1.908546795,-1.90188,110.1597,7.880770922,1.84,52.9,0.717529129,4.292881621,13.681671,35.03184713,509.6153846
35,Protium,opacum subsp. rabelianum,Protium_opacum subsp. rabelianum,BF,BF,Paracou,15,2.25439598,-1.9518,119.798,4.421845233,1.46,50.98,0.61715561,3.427503633,7.018794,14.96815287,458.3333333
36,Carapa,surinamensis,Carapa_surinamensis,BF,BF,Paracou,15,2.311737428,-1.76252,123.7459,1.916833103,1.17,50.26,0.542421766,6.4824849,13.681671,22.29299363,NA
37,Pterocarpus,officinalis,Pterocarpus_officinalis,BF,BF,Paracou,15,1.542922015,-1.56908,220.6426,4.17642831,2.74,51.01,1.537464188,15.12896738,8.083855,17.8343949,307.6923077
38,Pterocarpus,officinalis,Pterocarpus_officinalis,BF,BF,Paracou,15,2.407456422,-1.85196,160.6056,3.571227808,2.54,52.29,1.052595677,11.59294976,7.876588,27.22929936,275.6410256
39,Pterocarpus,officinalis,Pterocarpus_officinalis,BF,BF,Paracou,15,1.936949533,-2.02252,251.2937,4.568507647,2.69,51.21,1.36264551,13.61077277,8.083855,38.69426752,317.3076923
46,Symphonia,globulifera,Symphonia_globulifera,BF,BF,Paracou,15,1.782060251,-1.75628,259.9848,5.103704828,1.31,48.87,0.632566488,19.74473319,8.124021,44.58598726,269.2307692
47,Symphonia,globulifera,Symphonia_globulifera,BF,BF,Paracou,15,1.669487888,-1.74796,216.3541,6.053629677,1.26,48.68,0.679784403,17.06690048,8.124021,67.19745223,240.3846154
49,Carapa,surinamensis,Carapa_surinamensis,BF,BF,Paracou,15,2.728734381,-1.78748,127.0937,1.601456409,1.4,49.41,0.62290692,6.193483675,8.069946,32.1656051,NA
34,Protium,opacum subsp. rabelianum,Protium_opacum subsp. rabelianum,BF,BF,Paracou,6,5.132431241,-2.07452,107.4991,3.076128846,1.14,43.82,0.610769572,5.271603186,9.227782,24.52229299,608.974359
41,Protium,opacum subsp. rabelianum,Protium_opacum subsp. rabelianum,BF,BF,Paracou,6,3.412960903,-2.0246,107.345,3.258982387,1.46,50.67,0.880263529,10.11867071,9.227782,13.05732484,432.6923077
42,Protium,opacum subsp. rabelianum,Protium_opacum subsp. rabelianum,BF,BF,Paracou,6,2.804040638,-2.2222,118.219,3.132000799,1.18,50.14,0.52849268,4.456423808,9.227782,26.27388535,621.7948718
43,Carapa,surinamensis,Carapa_surinamensis,BF,BF,Paracou,6,1.51701814,-1.6398,111.5842,1.762756501,1.43,51.05,0.58279859,4.405656072,10.622149,20.38216561,NA
44,Protium,opacum subsp. rabelianum,Protium_opacum subsp. rabelianum,BF,BF,Paracou,6,7.279240712,-2.13484,127.0851,5.829943572,1.22,48.5,0.609573761,6.645612998,10.622149,19.10828025,NA
64,Symphonia,globulifera,Symphonia_globulifera,BF,BF,Paracou,6,2.482584354,-1.4942,227.5479,2.924355846,1.39,49.87,0.480126813,6.974641075,9.227782,14.17197452,185.8974359
54,Protium,opacum subsp. rabelianum,Protium_opacum subsp. rabelianum,BF,BF,Paracou,6,3.743419358,-2.05788,125.3005,4.998782696,1.18,48.7,0.568100388,3.624215816,10.622149,13.37579618,455.1282051
76,Eschweilera,coriacea,Eschweilera_coriacea,BF,BF,Paracou,6,1.22747956,-1.81452,103.4916,4.283520267,1.59,51.2,0.489187067,4.968090357,9.552659,24.84076433,330.1282051
77,Laetia,procera,Laetia_procera,BF,BF,Paracou,6,1.4468976,-1.89772,158.0238,6.970788453,1.34,50.57,0.76585292,11.28988024,9.552659,50.31847134,NA
78,Carapa,surinamensis,Carapa_surinamensis,BF,BF,Paracou,6,2.012129671,-1.7542,133.9223,1.495974424,1.25,49.77,0.534019029,6.934720915,9.552659,35.03184713,NA
73,Carapa,surinamensis,Carapa_surinamensis,BF,BF,Paracou,6,2.787273918,-1.7438,139.6102,2.735197702,1.46,50.51,0.586967518,5.581963302,10.639692,15.92356688,NA
80,Eschweilera,coriacea,Eschweilera_coriacea,BF,BF,Paracou,6,0.999133448,-1.69388,96.2852,4.706563677,1.69,51.61,0.420012067,3.648090357,10.639692,43.31210191,506.4102564
81,Eschweilera,coriacea,Eschweilera_coriacea,BF,BF,Paracou,6,0.870216161,-1.66892,114.4437,6.229766835,1.5,51.03,0.571873003,4.658169442,10.639692,17.67515924,NA
83,Eschweilera,coriacea,Eschweilera_coriacea,BF,BF,Paracou,6,2.231808673,-1.4526,172.1163,7.485445457,1.7,52.24,0.584463762,4.764487088,10.639692,13.69426752,189.1025641
85,Eperua,falcata,Eperua_falcata,BF,BF,Paracou,6,1.214006488,-1.70428,134.1307,5.541191559,2.14,51.81,0.872459526,9.663253611,10.639692,45.06369427,423.0769231
97,Laetia,procera,Laetia_procera,BF,BF,Paracou,6,1.806463283,-1.99964,154.2619,6.433237432,1.48,51.33,0.61186334,4.796746863,11.244987,57.48407643,NA
119,Carapa,surinamensis,Carapa_surinamensis,BF,BF,Paracou,14,2.291140887,-1.70636,170.2855,1.784349171,1.22,50.95,0.471394158,4.701642821,10.902845,13.05732484,NA
120,Iryanthera,hostmannii,Iryanthera_hostmannii,BF,BF,Paracou,14,0.759170047,-1.56284,159.7093,3.867448034,1.3,53.1,0.744725254,12.99111258,11.366833,14.64968153,99.35897436
122,Eschweilera,coriacea,Eschweilera_coriacea,BF,BF,Paracou,14,1.832278592,-1.72924,182.0009,3.983285573,0.86,49.05,0.328844756,2.839769897,11.366833,37.97770701,NA
123,Iryanthera,hostmannii,Iryanthera_hostmannii,BF,BF,Paracou,14,1.441169355,-1.62524,117.0113,5.275589024,1.33,50.62,0.604076874,8.247970431,7.327822,14.96815287,134.6153846
124,Eschweilera,coriacea,Eschweilera_coriacea,BF,BF,Paracou,14,1.561163866,-1.6398,100.8255,5.906417527,1.44,52.79,0.480667734,2.515605963,7.327822,23.40764331,471.1538462
125,Eperua,falcata,Eperua_falcata,BF,BF,Paracou,14,1.047969911,-1.85196,101.9334,7.936810199,1.85,52.92,0.845972136,5.574653723,6.136616,28.82165605,528.8461538
128,Protium,opacum subsp. rabelianum,Protium_opacum subsp. rabelianum,BF,BF,Paracou,14,3.375220708,-2.09948,146.5903,3.973869847,1.47,49.83,0.827087067,10.98359036,10.902845,26.43312102,384.6153846
131,Laetia,procera,Laetia_procera,BF,BF,Paracou,14,1.545640653,-1.983,140.7158,5.546598649,1.68,50.79,0.673924029,5.701441078,11.366833,37.2611465,669.8717949
132,Eperua,falcata,Eperua_falcata,BF,BF,Paracou,14,2.197260464,-1.73132,115.9727,7.980911798,1.95,52.54,0.844698814,7.34194522,7.327822,42.67515924,512.8205128
133,Virola,surinamensis,Virola_surinamensis,BF,BF,Paracou,14,5.803217126,-1.72924,183.484,10.90255037,1.45,52.39,0.936491804,14.49533336,7.327822,41.93869427,NA
136,Symphonia,globulifera,Symphonia_globulifera,BF,BF,Paracou,14,2.445748186,-1.66476,170.1932,8.258656537,1.5,48.96,0.570943482,10.72968488,10.655679,36.30573248,137.8205128
138,Laetia,procera,Laetia_procera,BF,BF,Paracou,14,2.462843578,-1.75628,144.3762,3.537589681,1.44,50.52,0.507094161,5.689279637,10.077485,49.68152866,NA
139,Symphonia,globulifera,Symphonia_globulifera,BF,BF,Paracou,14,3.480337682,-1.74796,167.2614,6.021151009,0.95,48.98,0.625525355,16.56343551,10.077485,44.9044586,198.7179487
143,Protium,opacum subsp. rabelianum,Protium_opacum subsp. rabelianum,BF,BF,Paracou,14,5.207894695,-1.9414,133.662,3.994999228,1.32,49.46,0.598988079,7.241349008,10.655679,18.63057325,NA
144,Carapa,surinamensis,Carapa_surinamensis,BF,BF,Paracou,14,1.293676402,-1.775,166.5712,2.955929935,1.3,49.43,0.793793273,10.36322713,10.077485,27.07006369,NA
228,Symphonia,globulifera,Symphonia_globulifera,BF,BF,Paracou,13,1.746749985,-1.86028,187.4502,5.449619455,1.49,50.2,0.631763527,9.184018179,9.582552,43.63057325,173.0769231
264,Eschweilera,coriacea,Eschweilera_coriacea,BF,BF,Bafog,3,1.77921,-1.67308,137.4684,3.476266393,2.08,51.17,0.883,6.790650143,7.77657,24.52,294.8717949
267,Iryanthera,hostmannii,Iryanthera_hostmannii,BF,BF,Bafog,3,1.448603,-1.44012,181.2256,3.881578091,1.99,51.82,0.768884442,9.13021525,7.77657,11.31,153.8461538
291,Eschweilera,coriacea,Eschweilera_coriacea,BF,BF,Bafog,3,2.543502,-1.60028,139.6239,4.460559226,2.12,51.58,0.916583417,6.743906237,7.826711,22.61,625
292,Iryanthera,hostmannii,Iryanthera_hostmannii,BF,BF,Bafog,3,1.775897,-1.38396,142.138,4.99951973,1.73,48.74,0.654690619,4.63188637,7.381081,16.56,NA
293,Iryanthera,hostmannii,Iryanthera_hostmannii,BF,BF,Bafog,3,1.615629,-1.40892,180.8686,3.006530993,1.8,56.96,0.700948577,4.738791955,7.826711,17.04,NA
294,Eschweilera,coriacea,Eschweilera_coriacea,BF,BF,Bafog,3,2.434915,-1.65228,144.3026,4.715912522,1.74,51.53,0.807096452,8.426436924,7.826711,35.02,599.4897959
295,Carapa,surinamensis,Carapa_surinamensis,BF,BF,Bafog,3,3.780202,-1.62524,171.5217,3.485137465,1.59,51.9,0.695695696,3.491892035,7.826711,13.54,NA
300,Eschweilera,coriacea,Eschweilera_coriacea,BF,BF,Bafog,3,2.286932,-1.56076,136.8874,5.40689778,1.82,51.15,0.706293706,6.923726416,6.353528,37.26,459.1836735
301,Eschweilera,coriacea,Eschweilera_coriacea,BF,BF,Bafog,3,1.16028,-1.54828,148.7784,4.744477321,1.56,50.66,0.562062062,6.31696711,6.785499,24.68,471.9387755
304,Symphonia,globulifera,Symphonia_globulifera,BF,BF,Bafog,3,4.373105,-1.55452,222.1849,6.540098536,1.66,48.87,0.472727273,5.345304838,7.381081,17.04,114.7959184
305,Eschweilera,coriacea,Eschweilera_coriacea,BF,BF,Bafog,3,2.362053,-1.41724,160.1758,5.221654241,1.98,51.5,0.786533666,5.412119843,7.381081,18.79,425.170068
308,Iryanthera,hostmannii,Iryanthera_hostmannii,BF,BF,Bafog,3,2.341924,-1.36316,148.8525,4.778823925,1.81,51.66,0.669825436,10.30488792,6.785499,15.29,153.0612245
309,Eschweilera,coriacea,Eschweilera_coriacea,BF,BF,Bafog,3,1.946187,-1.37356,128.5826,3.324654464,1.68,51.49,0.635771543,4.903958059,6.785499,40.02,590.9863946
310,Eschweilera,coriacea,Eschweilera_coriacea,BF,BF,Bafog,3,1.528795,-1.50668,128.6179,3.167227522,1.83,50.85,0.699549324,7.516925531,6.785499,37.9,NA
311,Laetia,procera,Laetia_procera,BF,BF,Bafog,3,7.6109,-2.1286,157.0718,9.68157857,1.36,44.93,0.626065163,2.961052775,6.785499,34.39,680.2721088
314,Eschweilera,coriacea,Eschweilera_coriacea,BF,BF,Bafog,3,3.761003,-1.54828,128.6809,3.019294206,1.63,49.45,0.618,5.665650143,6.785499,20.86,403.9115646
315,Eschweilera,coriacea,Eschweilera_coriacea,BF,BF,Bafog,3,2.292559,-1.43804,119.272,2.78242204,1.93,50.45,0.854927464,7.869584935,6.785499,34.55,539.9659864
318,Laetia,procera,Laetia_procera,BF,BF,Bafog,3,2.469009,-2.03916,142.7087,9.069019517,2.38,52.11,1.036,5.165650143,7.77657,35.99,671.7687075
329,Virola,surinamensis,Virola_surinamensis,BF,BF,Bafog,5,5.422866,-1.38396,170.5377,7.746811331,1.59,50.57,0.693113772,8.219211719,11.113003,40.03,310.3741497
331,Virola,surinamensis,Virola_surinamensis,BF,BF,Bafog,5,3.183336,-1.8062,185.396,9.070498662,1.71,52.26,0.8525,14.11065014,11.113003,65.03,NA
332,Pterocarpus,officinalis,Pterocarpus_officinalis,BF,BF,Bafog,5,2.760488,-1.55036,170.1703,4.693667145,2.88,52.34,1.198004988,7.676458995,11.113003,50.03,255.1020408
333,Iryanthera,hostmannii,Iryanthera_hostmannii,BF,BF,Bafog,5,2.717552,-1.42348,129.5528,2.873394264,1.58,54.21,0.67933967,6.318809548,11.113003,14.81,225.3401361
334,Symphonia,globulifera,Symphonia_globulifera,BF,BF,Bafog,5,3.296779,-1.65228,201.5489,6.268111073,1.38,48.91,0.586793397,13.25727878,11.113003,55.03,195.5782313
335,Pterocarpus,officinalis,Pterocarpus_officinalis,BF,BF,Bafog,5,2.8981,-1.57116,153.4472,4.437145982,2.62,52.01,1.260869565,12.90419804,10.154291,30,344.3877551
336,Symphonia,globulifera,Symphonia_globulifera,BF,BF,Bafog,5,2.654736,-1.53372,289.0434,4.774022525,1.24,47.32,0.534301452,16.15988998,10.154291,25,216.8367347
337,Symphonia,globulifera,Symphonia_globulifera,BF,BF,Bafog,5,2.82569,-1.52748,247.8131,5.612219088,1.25,47.65,0.583333333,17.18627759,10.154291,21.5,161.5646259
338,Pterocarpus,officinalis,Pterocarpus_officinalis,BF,BF,Bafog,5,3.99184,-1.88732,155.5313,7.162853445,2.78,51.53,1.091637456,16.7908364,10.154291,30,246.5986395
339,Virola,surinamensis,Virola_surinamensis,BF,BF,Bafog,5,10.41382,-1.59404,160.885,13.55138074,1.72,50.84,0.85286783,10.16024952,10.154291,45.03,NA
341,Pterocarpus,officinalis,Pterocarpus_officinalis,BF,BF,Bafog,5,3.025202,-1.64604,192.4702,5.885345456,2.86,52.15,1.198396794,14.5647797,10.154291,20,229.5918367
342,Pterocarpus,officinalis,Pterocarpus_officinalis,BF,BF,Bafog,5,2.068091,-1.43388,166.7055,5.320384242,3.35,52.44,1.11955978,15.05317673,10.154291,18.31,263.6054422
343,Laetia,procera,Laetia_procera,BF,BF,Bafog,5,4.364939,-1.82492,157.8119,5.408580765,1.5,43.3,0.688877756,10.70205425,10.154291,30.25,710.0340136
344,Laetia,procera,Laetia_procera,BF,BF,Bafog,5,4.206456,-1.85196,152.2992,6.831558828,1.63,57.95,0.748748749,7.843493636,10.154291,47.45,922.6190476
345,Virola,surinamensis,Virola_surinamensis,BF,BF,Bafog,5,5.084795,-1.87692,152.1123,10.0145317,1.25,52.05,0.688032048,10.05573374,10.154291,50.03,NA
346,Symphonia,globulifera,Symphonia_globulifera,BF,BF,Bafog,5,3.487546,-1.78124,193.029,6.922048986,1.68,49.11,0.683316683,12.48316698,10.154291,35.03,212.585034
347,Symphonia,globulifera,Symphonia_globulifera,BF,BF,Bafog,5,5.735952,-1.68972,184.9046,8.337338813,1.38,49.3,0.527527528,10.39604619,10.154291,40.03,204.0816327
348,Pterocarpus,officinalis,Pterocarpus_officinalis,BF,BF,Bafog,5,2.178161,-1.66684,179.9874,7.60688612,3.27,51.75,1.149223836,13.94156249,10.154291,16.24,144.5578231
349,Symphonia,globulifera,Symphonia_globulifera,BF,BF,Bafog,5,2.073347,-1.73132,228.4544,6.980721172,1.56,48.48,0.754,17.89565014,10.154291,45.03,221.0884354
385,Laetia,procera,Laetia_procera,BF,BF,Bafog,5,3.451607,-1.86236,157.9336,10.77689919,2.08,53.29,1.010252939,7.765859487,10.762482,47.93,NA
389,Pterocarpus,officinalis,Pterocarpus_officinalis,BF,BF,Bafog,5,8.868189,-1.4318,169.2486,3.772847232,2.85,50.16,1.247386886,15.47636353,10.762482,50.03,NA
391,Symphonia,globulifera,Symphonia_globulifera,BF,BF,Bafog,5,4.661672,-1.65852,208.7978,8.361763788,1.67,47.9,0.738132258,13.99062066,10.762482,30,NA
392,Pterocarpus,officinalis,Pterocarpus_officinalis,BF,BF,Bafog,5,10.33768,-1.41932,189.3703,3.493577859,3.52,52.21,1.207743833,13.56471356,10.762482,45.03,NA
394,Laetia,procera,Laetia_procera,BF,BF,Bafog,5,6.275893,-1.8894,154.8708,5.803313239,2.22,54.81,0.937419643,6.537282141,11.113003,29.14,NA
399,Virola,surinamensis,Virola_surinamensis,BF,BF,Bafog,5,4.715199,-1.5982,184.0887,7.844544306,2,53.41,0.804458734,10.73788746,11.113003,45.03,NA
400,Symphonia,globulifera,Symphonia_globulifera,BF,BF,Bafog,5,4.158443,-1.56908,205.0761,7.562149886,1.68,48.73,0.487895035,3.265523632,8.238202,22.45,NA
406,Laetia,procera,Laetia_procera,BF,BF,Bafog,5,1.715535,-1.68764,159.4655,9.212846106,2.37,47.35,0.938386419,3.969186972,11.113003,40.76,NA
407,Laetia,procera,Laetia_procera,BF,BF,Bafog,5,11.63632,-1.57324,181.221,5.862848785,1.64,50.73,0.625514221,3.709043433,11.113003,28.66,NA
409,Pterocarpus,officinalis,Pterocarpus_officinalis,BF,BF,Bafog,5,3.229643,-1.62524,154.0092,5.792224723,2.74,51.05,0.91343632,8.326971403,7.888434,22.29,NA
410,Virola,surinamensis,Virola_surinamensis,BF,BF,Bafog,5,2.42196,-1.45052,207.8097,6.508281702,2.28,50.64,0.931228807,8.893071882,12.552481,35.03,229.5918367
411,Pterocarpus,officinalis,Pterocarpus_officinalis,BF,BF,Bafog,5,3.141546,-1.6814,165.9966,7.733264879,3.24,51.33,1.168011176,15.70007523,12.552481,16.56,NA
412,Virola,surinamensis,Virola_surinamensis,BF,BF,Bafog,5,4.282368,-1.64604,137.1367,9.235718998,1.52,52.77,0.740763192,7.538625346,7.888434,55.03,NA
414,Iryanthera,hostmannii,Iryanthera_hostmannii,BF,BF,Bafog,5,4.847344,-1.45884,150.5432,2.754878445,1.68,51.87,0.693416484,7.175037827,6.470211,12.42,165.8163265
415,Iryanthera,hostmannii,Iryanthera_hostmannii,BF,BF,Bafog,5,1.047969911,-1.49836,149.2461,4.073287184,1.89,52.37,0.828520412,9.963679826,12.710695,13.38,NA
433,Laetia,procera,Laetia_procera,BF,BF,Bafog,5,7.704983,-2.03292,145.515,8.580792596,1.99,51.72,0.829763192,5.198625346,11.113003,43.95,646.2585034
435,Virola,surinamensis,Virola_surinamensis,BF,BF,Bafog,5,12.28747,-1.71468,162.4666,10.47336444,1.64,52.97,0.779703785,9.444735874,10.154291,55.03,NA
436,Virola,surinamensis,Virola_surinamensis,BF,BF,Bafog,5,3.794632,-1.63564,148.3736,12.27416213,1.74,51.35,0.936295045,10.49337866,10.154291,65.03,NA
437,Virola,surinamensis,Virola_surinamensis,BF,BF,Bafog,5,3.294478,-1.5982,217.7545,10.05756012,1.79,51.67,0.844574044,14.83894745,10.154291,30,NA
441,Laetia,procera,Laetia_procera,BF,BF,Bafog,5,5.000671,-1.64396,157.9956,5.96256509,1.77,49.88,0.762382001,8.119565563,12.552481,38.69,NA
443,Iryanthera,hostmannii,Iryanthera_hostmannii,BF,BF,Bafog,5,1.402743,-1.57116,188.9096,3.673009408,1.68,51.17,0.600464121,5.011648643,6.470211,11.31,306.122449
534,Symphonia,globulifera,Symphonia_globulifera,BF,BF,Kaw,Crique Gabrielle,6.087854418,-1.8998,226.0012,10.50507424,1.31,49.95,0.641160292,15.2504991,9.898855,38.2,276.3605442
535,Symphonia,globulifera,Symphonia_globulifera,BF,BF,Kaw,Crique Gabrielle,3.577347627,-1.95388,173.8516,10.23178273,1.22,49.08,0.458766277,9.459975408,9.898855,57.3,263.6054422
536,Virola,surinamensis,Virola_surinamensis,BF,BF,Kaw,Crique Gabrielle,8.678210669,-1.63356,190.8315,15.59482489,1.37,52.84,0.566696496,7.396229117,9.898855,25.5,NA
539,Protium,opacum subsp. rabelianum,Protium_opacum subsp. rabelianum,BF,BF,Kaw,Out1,7.849969269,-1.79996,126.2732,4.086382682,1.55,45.84,0.663935322,5.352919507,8.174161,22.7,NA
540,Protium,opacum subsp. rabelianum,Protium_opacum subsp. rabelianum,BF,BF,Kaw,Out1,6.861376875,-1.95388,144.8335,7.142337535,1.51,50.43,0.830508956,9.893465544,8.813516,25.8,NA
541,Protium,opacum subsp. rabelianum,Protium_opacum subsp. rabelianum,BF,BF,Kaw,Out1,13.99,-2.035,154.5806,3.449048895,1.36,47.14,0.6580197,6.813976,8.813516,22.4,NA
542,Protium,opacum subsp. rabelianum,Protium_opacum subsp. rabelianum,BF,BF,Kaw,Out1,3.380300369,-2.10572,145.0855,3.825188589,1.57,49.67,0.933619271,9.899127309,8.174161,19.2,735.5442177
543,Protium,opacum subsp. rabelianum,Protium_opacum subsp. rabelianum,BF,BF,Kaw,Out1,3.072441213,-1.98716,139.3003,3.517802716,1.51,47.59,0.735991683,6.341659319,8.174161,14,544.2176871
544,Symphonia,globulifera,Symphonia_globulifera,BF,BF,Kaw,Out1,3.05401207,-1.82076,164.3162,5.974448888,1.33,46.98,0.6360197,14.253976,8.174161,60,255.1020408
545,Virola,surinamensis,Virola_surinamensis,BF,BF,Kaw,Out1,3.853911067,-1.65436,206.6402,7.092889536,1.85,52.55,0.9600197,12.273976,8.813516,40.5,NA
546,Laetia,procera,Laetia_procera,BF,BF,Kaw,Out1,2.334519784,-1.88108,152.3395,7.545907967,1.53,46.46,0.7845197,9.973976,8.174161,42.4,1496.598639
547,Protium,opacum subsp. rabelianum,Protium_opacum subsp. rabelianum,BF,BF,Kaw,Out1,10.85501626,-1.86236,168.6893,4.786596438,1.28,49.7,0.83018951,13.79018581,8.174161,34,718.537415
548,Laetia,procera,Laetia_procera,BF,BF,Kaw,Out1,2.97269956,-1.77708,165.1091,6.124844382,1.35,51.22,0.792726973,12.62135465,8.174161,40.8,1190.47619
549,Laetia,procera,Laetia_procera,BF,BF,Kaw,Out1,2.743163717,-1.97052,173.7075,6.118728916,1.48,49.61,0.597124014,13.76832351,8.174161,27,1241.496599
550,Protium,opacum subsp. rabelianum,Protium_opacum subsp. rabelianum,BF,BF,Kaw,Out1,3.951615874,-2.27004,104.7411,8.346133282,1.16,42.87,0.535947804,5.168638723,8.813516,43,1037.414966
551,Virola,surinamensis,Virola_surinamensis,BF,BF,Kaw,Out1,1.899160283,-1.71052,205.0594,9.201735207,1.63,53.04,0.621277146,8.317341317,8.813516,50,NA
552,Laetia,procera,Laetia_procera,BF,BF,Kaw,Out1,1.327231613,-1.71884,170.3478,4.987129635,1.58,49.08,0.472942643,7.701677678,8.813516,26,NA
553,Protium,opacum subsp. rabelianum,Protium_opacum subsp. rabelianum,BF,BF,Kaw,Out1,5.851852172,-1.87692,140.2046,3.810002582,1.59,50.65,0.844097651,9.794078961,8.813516,14.2,697.2789116
554,Protium,opacum subsp. rabelianum,Protium_opacum subsp. rabelianum,BF,BF,Kaw,Out1,11.53,-2.30332,130.0225,5.09172542,1.4,50.11,0.725382391,8.258105053,8.813516,23.6,969.3877551
555,Laetia,procera,Laetia_procera,BF,BF,Kaw,Out1,2.639349789,-1.85404,154.7018,7.367443004,1.74,50.2,0.665350401,7.048072144,8.813516,26.4,1118.197279
556,Symphonia,globulifera,Symphonia_globulifera,BF,BF,Kaw,Out1,1.599315682,-1.8062,206.651,10.47336444,1.1,49.64,0.433178111,15.75110045,8.813516,50,238.0952381
558,Virola,surinamensis,Virola_surinamensis,BF,BF,Kaw,Crique Gabrielle,5.861097352,-1.62108,163.9637,15.10747885,1.63,48.75,1.014026713,7.652802401,7.071829,36.5,NA
560,Virola,surinamensis,Virola_surinamensis,BF,BF,Kaw,Crique Gabrielle,2.687841165,-1.67724,208.2686,11.59319423,2.21,57.16,1.092834032,6.081812375,7.071829,25,NA
561,Virola,surinamensis,Virola_surinamensis,BF,BF,Kaw,Crique Gabrielle,6.174728681,-1.68556,140.8631,15.97391209,1.66,50.43,0.845865566,4.654630631,7.071829,29,NA
563,Symphonia,globulifera,Symphonia_globulifera,BF,BF,Kaw,Crique Gabrielle,2.383926393,-1.89772,211.3952,9.326315335,1.24,50.8,0.584143485,5.176211682,7.071829,75.2,293.3673469
565,Virola,surinamensis,Virola_surinamensis,BF,BF,Kaw,Crique Gabrielle,11.07607159,-1.61276,186.147,10.67524198,1.64,53.49,0.947598303,8.775812282,7.071829,19.7,NA
566,Virola,surinamensis,Virola_surinamensis,BF,BF,Kaw,Crique Gabrielle,3.506666244,-1.63772,207.0487,11.96811765,1.49,49.98,0.937895491,9.157290581,7.071829,45.4,NA
567,Virola,surinamensis,Virola_surinamensis,BF,BF,Kaw,Tresor,1.678929242,-1.67724,161.8872,9.862855098,1.48,54.49,0.779350674,6.084848727,6.345963,42,NA
570,Laetia,procera,Laetia_procera,BF,BF,Kaw,Crique Gabrielle,5.659349058,-2.02044,165.621,5.145453758,1.07,45.09,0.6740197,5.018976,7.071829,15.2,1054.421769
603,Protium,opacum subsp. rabelianum,Protium_opacum subsp. rabelianum,BF,BF,Kaw,Out1,2.775562,-1.82908,164.8687,4.142578149,1.68,45.51,0.704436405,5.189106786,8.813516,36,646.2585034
605,Symphonia,globulifera,Symphonia_globulifera,BF,BF,Kaw,Out1,2.668221,-1.88108,247.0509,7.513409388,1.45,55.06,0.620913907,17.6130654,8.813516,25,289.1156463
606,Protium,opacum subsp. rabelianum,Protium_opacum subsp. rabelianum,BF,BF,Kaw,Out1,7.778061,-1.88524,133.5406,4.270552981,1.16,47.14,0.535541965,6.180214678,9.580924,15.5,646.2585034
610,Symphonia,globulifera,Symphonia_globulifera,BF,BF,Kaw,Out1,2.984467,-1.84572,216.7855,8.596425433,1.51,54.85,0.477706425,10.63916542,9.580924,40,276.3605442
611,Symphonia,globulifera,Symphonia_globulifera,BF,BF,Kaw,Crique Gabrielle,2.336709,-2.04748,192.3749,9.199744198,1.59,48.03,0.466013251,8.766951098,9.898855,49,250.8503401
612,Symphonia,globulifera,Symphonia_globulifera,BF,BF,Kaw,Crique Gabrielle,4.305495,-1.75212,207.7337,11.97175429,1.2,48.74,0.474545278,10.874485,9.898855,59,250.8503401
613,Symphonia,globulifera,Symphonia_globulifera,BF,BF,Kaw,Crique Gabrielle,1.778309,-1.74588,184.5737,11.32569465,1.34,48.32,0.445105068,10.00946607,9.898855,50,284.8639456
614,Pterocarpus,officinalis,Pterocarpus_officinalis,BF,BF,Kaw,Waiki Village,0.9784038,-1.47548,172.741,6.142673698,2.64,46.37,1.151420988,16.42269635,11.116259,23.9,280.6122449
615,Pterocarpus,officinalis,Pterocarpus_officinalis,BF,BF,Kaw,Waiki Village,1.088328,-1.67724,164.4737,5.652737025,2.81,51.21,1.321666945,15.17966466,11.116259,11.6,365.6462585
617,Pterocarpus,officinalis,Pterocarpus_officinalis,BF,BF,Kaw,Waiki Village,2.778281,-1.56076,157.4759,6.88270824,2.9,52.6,1.221623654,16.1833017,11.116259,13.1,459.1836735
618,Pterocarpus,officinalis,Pterocarpus_officinalis,BF,BF,Kaw,Waiki Village,2.214111,-1.39852,220.4934,8.584690788,3.02,51.84,1.122845278,17.304485,11.116259,22.9,352.8911565
619,Pterocarpus,officinalis,Pterocarpus_officinalis,BF,BF,Kaw,Waiki Village,1.441913,-1.39228,171.4602,4.690857169,2.86,48.72,1.236989793,14.8122666,11.116259,17.2,352.8911565
620,Pterocarpus,officinalis,Pterocarpus_officinalis,BF,BF,Kaw,Waiki Village,1.937706,-1.54204,261.1486,6.756770253,3.02,50.83,1.843221464,19.67347759,11.116259,11.5,335.8843537
621,Pterocarpus,officinalis,Pterocarpus_officinalis,BF,BF,Kaw,Waiki Village,2.577969,-1.57532,148.5142,7.550649725,3.11,47.71,1.091163108,12.0905051,11.116259,15.3,625
622,Pterocarpus,officinalis,Pterocarpus_officinalis,BF,BF,Kaw,Waiki Village,2.300424,-1.46924,206.9474,7.383631025,3.55,56.06,1.434299853,14.05864085,11.116259,12.4,331.6326531
623,Pterocarpus,officinalis,Pterocarpus_officinalis,BF,BF,Kaw,Waiki Village,3.052745,-1.28204,272.8324,8.267600638,2.4,48.96,1.472299853,12.71364085,11.116259,17,442.1768707
624,Pterocarpus,officinalis,Pterocarpus_officinalis,BF,BF,Kaw,Waiki Village,0.9739989,-1.45052,212.7871,7.006483357,2.56,48.19,1.285728396,18.72618848,11.116259,13.1,408.1632653
626,Laetia,procera,Laetia_procera,BF,BF,Kaw,Out2,4.907164,-1.97468,147.5236,6.61386491,1.91,45.35,0.662293293,7.34465784,9.967717,53,1003.401361
627,Laetia,procera,Laetia_procera,BF,BF,Kaw,Out2,3.960327,-1.91228,160.3017,5.00051592,1.69,48.02,0.602697156,4.071069783,9.967717,27,1139.455782
628,Laetia,procera,Laetia_procera,BF,BF,Kaw,Kaw,3.139836,-1.8998,167.5211,4.559167008,1.88,49.11,0.678299853,5.998640853,6.350865,20.2,NA
629,Eperua,falcata,Eperua_falcata,BF,BF,Kaw,Out2,2.472243,-1.73756,101.2791,11.4844815,1.84,54.24,0.704561256,3.752772785,9.967717,18.9,884.3537415
630,Eperua,falcata,Eperua_falcata,BF,BF,Kaw,Out2,1.151139,-1.83948,117.2146,11.70631835,2.18,52.04,0.960339513,5.443197655,7.249273,64.7,620.7482993
631,Eperua,falcata,Eperua_falcata,BF,BF,Kaw,Out2,2.044012,-1.59196,110.6184,9.511607101,1.54,48.6,0.737775404,4.126894642,9.967717,33,586.7346939
632,Eperua,falcata,Eperua_falcata,BF,BF,Kaw,Out2,1.733483,-1.931,128.0542,8.845659037,2.21,53.77,0.887575003,7.739119091,7.249273,13.7,484.6938776
633,Laetia,procera,Laetia_procera,BF,BF,Kaw,Tresor,2.517098,-1.92892,156.762,5.86126696,1.85,50.08,0.717299853,5.103640853,6.816395,45,NA
634,Eperua,falcata,Eperua_falcata,BF,BF,Kaw,Out2,1.475848,-1.8686,109.0034,6.419259615,2.05,51.65,0.91025498,5.816549128,7.249273,28,693.0272109
635,Eperua,falcata,Eperua_falcata,BF,BF,Kaw,Out2,4.444845,-2.0974,121.1153,7.500209725,2,52.7,0.733699304,3.844124666,7.249273,53,684.5238095
636,Eperua,falcata,Eperua_falcata,BF,BF,Kaw,Out2,1.337766,-1.72092,120.2212,8.427045987,2,52.91,0.821442738,8.400441736,9.064654,25.5,586.7346939
637,Eperua,falcata,Eperua_falcata,BF,BF,Kaw,Out2,1.81382,-1.7022,129.5028,6.559209136,2.08,52.36,0.837624604,8.975689474,7.249273,18,612.244898
638,Eperua,falcata,Eperua_falcata,BF,BF,Kaw,Out2,2.052351,-1.75212,142.0335,8.956431614,2.04,52.01,0.872608766,8.726730949,7.249273,40,650.5102041
639,Eperua,falcata,Eperua_falcata,BF,BF,Kaw,Out2,1.081546,-1.7022,140.6559,5.715360031,2.19,51.27,0.892015821,8.21221642,7.249273,47,633.5034014
645,Iryanthera,hostmannii,Iryanthera_hostmannii,BF,BF,Kaw,Out2,1.126378,-1.71052,140.8744,4.557006105,1.45,49.76,0.594002852,4.701642821,9.064654,17,293.3673469
646,Iryanthera,hostmannii,Iryanthera_hostmannii,BF,BF,Kaw,Out2,0.9860459,-1.6814,145.2806,4.929076923,1.62,52.99,0.738430638,9.913684011,9.064654,13.3,267.8571429
647,Iryanthera,hostmannii,Iryanthera_hostmannii,BF,BF,Kaw,Out2,0.7516883,-1.515,170.9159,5.257392206,1.69,53.97,0.594002852,6.23052559,7.597216,10.8,310.3741497
648,Iryanthera,hostmannii,Iryanthera_hostmannii,BF,BF,Kaw,Out2,1.272228,-1.57324,161.3879,4.127888796,1.63,53.16,0.911432704,12.11546765,7.597216,11.6,267.8571429
649,Iryanthera,hostmannii,Iryanthera_hostmannii,BF,BF,Kaw,Out2,0.8494894,-1.61068,152.9639,4.205627968,1.73,53.38,0.871106513,10.00865383,7.597216,12.1,208.3333333
650,Iryanthera,hostmannii,Iryanthera_hostmannii,BF,BF,Kaw,Out2,1.355412,-1.56492,149.4319,4.481726743,1.7,53.53,0.585971797,7.483608069,7.597216,11.5,NA
653,Iryanthera,hostmannii,Iryanthera_hostmannii,BF,BF,Kaw,Out2,5.588175,-1.93932,130.9032,4.157146444,1.73,51.38,0.542421766,4.314588874,8.069429,20,246.5986395
654,Iryanthera,hostmannii,Iryanthera_hostmannii,BF,BF,Kaw,Out2,2.081572,-1.74588,106.1528,6.244107499,1.48,49.69,0.481618382,5.331955234,9.564647,24,221.0884354
655,Iryanthera,hostmannii,Iryanthera_hostmannii,BF,BF,Kaw,Kaw,3.289018,-1.63772,122.8042,3.634371345,2.01,55.34,0.808682488,8.835968915,6.350865,23,327.3809524
656,Iryanthera,hostmannii,Iryanthera_hostmannii,BF,BF,Kaw,Out2,1.327491,-1.71468,137.4737,4.179949379,1.84,53.34,0.676799853,6.213640853,8.069429,18,293.3673469
657,Virola,surinamensis,Virola_surinamensis,BF,BF,Paracou,16,2.585404986,-1.7958,146.3548,10.23176456,1.48,52.23,0.672119948,6.084848727,9.992872,40.2866242,NA
659,Virola,surinamensis,Virola_surinamensis,BF,BF,Paracou,16,4.085308324,-1.67932,175.3814,6.877391847,1.63,53,0.864638257,12.17819536,9.992872,23.88535032,NA
662,Virola,surinamensis,Virola_surinamensis,BF,BF,Paracou,16,3.135513572,-1.70636,175.0613,9.824728827,2.09,50.6,1.086799853,10.21864085,8.757085,37.42038217,NA
664,Laetia,procera,Laetia_procera,BF,BF,Paracou,16,7.080290345,-1.89148,159.9434,6.963097015,2.78,54.14,1.118418271,5.959600453,9.992872,61.78343949,492.4242424
681,Virola,surinamensis,Virola_surinamensis,BF,BF,Paracou,16,3.096463685,-1.8374,174.5075,12.98142383,1.78,52.75,0.944327689,8.489396155,12.178541,55.73248408,NA
682,Virola,surinamensis,Virola_surinamensis,BF,BF,Paracou,16,3.055331284,-1.80204,195.1285,10.38897887,2.11,52.78,0.959699101,11.5274595,12.178541,19.9044586,NA
265,Iryanthera,hostmannii,Iryanthera_hostmannii,BF,BF,Bafog,3,3.594979,-2.0038,162.0015,6.956279656,1.76,50.91,0.686783042,6.045536302,7.77657,11.31,233.8435374
350,Iryanthera,hostmannii,Iryanthera_hostmannii,BF,BF,Bafog,5,4.783589,-1.67516,131.7865,3.99150877,1.96,53.86,0.739260739,7.99765249,11.113003,10.99,272.1088435
4,Tachigali,melinonii,Tachigali_melinonii,TF,Generalist,Paracou,15,2.264099751,-1.88732,111.8377,7.34220481,2.36,52.29,0.672119948,6.535895593,5.82837,61.78343949,294.8717949
6,Conceveiba,guianensis,Conceveiba_guianensis,TF,Generalist,Paracou,15,6.046362439,-1.73548,118.836,3.290362163,1.38,49.44,0.51349117,2.488945275,7.018794,15.60509554,278.8461538
9,Hymenopus,heteromorphus,Hymenopus_heteromorphus,TF,Generalist,Paracou,15,3.377261624,-1.60236,144.5455,4.60634093,1.32,51.9,0.39209709,3.995222162,8.124021,21.81528662,144.2307692
10,Conceveiba,guianensis,Conceveiba_guianensis,TF,Generalist,Paracou,15,8.579170143,-1.89148,112.4017,3.775178924,1.8,48.32,0.947070047,7.029907569,7.018794,16.24203822,151.5151515
11,Hymenopus,heteromorphus,Hymenopus_heteromorphus,TF,Generalist,Paracou,15,3.748175823,-1.51084,117.4948,8.057869401,1.38,50.76,0.431498438,2.293820474,5.708247,18.94904459,227.5641026
16,Hymenopus,heteromorphus,Hymenopus_heteromorphus,TF,Generalist,Paracou,15,2.119268592,-1.53788,142.5612,5.833374714,0.96,50.68,0.458247692,6.775416552,7.018794,17.03821656,227.5641026
17,Bocoa,prouacensis,Bocoa_prouacensis,BF,Generalist,Paracou,15,3.648439954,-1.9518,65.6269,3.327305923,1.7,55.87,0.347919389,1.415927566,8.069946,24.52229299,250
19,Hymenopus,heteromorphus,Hymenopus_heteromorphus,TF,Generalist,Paracou,15,4.729027161,-1.53372,123.8676,9.576070931,1.26,49.99,0.430314188,2.839967385,5.82837,15.76433121,205.1282051
20,Bocoa,prouacensis,Bocoa_prouacensis,TF,Generalist,Paracou,15,1.461874177,-1.67724,115.9612,3.188464425,1.9,54.24,0.523940247,4.704263121,5.82837,18.78980892,233.974359
162,Jacaranda,copaia subsp. copaia,Jacaranda_copaia subsp. copaia,TF,Generalist,Paracou,14,6.194282539,-1.5566,122.3089,4.874375491,2.08,53.36,0.544997073,2.411766823,6.838751,22.61146497,272.4358974
163,Tachigali,melinonii,Tachigali_melinonii,TF,Generalist,Paracou,14,2.804091627,-1.94556,127.1545,8.411136503,2.6,46.05,0.667917273,6.382633773,6.838751,58.12101911,339.7435897
164,Bocoa,prouacensis,Bocoa_prouacensis,BF,Generalist,Paracou,14,2.22473673,-1.89148,100.3451,3.963928263,2.25,60.21,0.490791671,5.83067502,8.119463,26.27388535,253.2051282
168,Jacaranda,copaia subsp. copaia,Jacaranda_copaia subsp. copaia,BF,Generalist,Paracou,14,2.988961049,-1.52124,128.0143,3.627540359,2.14,48.68,0.490814102,2.280792338,10.655679,12.42038217,189.1025641
169,Tachigali,melinonii,Tachigali_melinonii,TF,Generalist,Paracou,14,1.525445517,-1.77708,127.4098,4.947464551,3.22,51.62,0.753087067,6.983590357,7.270682,26.59235669,NA
177,Jacaranda,copaia subsp. copaia,Jacaranda_copaia subsp. copaia,TF,Generalist,Paracou,11,5.544733762,-1.83948,205.7091,7.842351829,2.38,53.14,0.772700716,3.01233419,7.776605,20.54140127,275.6410256
179,Hymenopus,heteromorphus,Hymenopus_heteromorphus,BF,Generalist,Paracou,11,2.199423423,-1.35484,122.643,8.185109769,1.11,44.77,0.423227226,1.802886028,10.254378,12.7388535,265.1515152
181,Hymenopus,heteromorphus,Hymenopus_heteromorphus,BF,Generalist,Paracou,11,3.026085808,-1.52748,143.8854,6.575735621,1.13,49.94,0.433337072,6.122774519,8.819272,22.92993631,221.1538462
183,Conceveiba,guianensis,Conceveiba_guianensis,TF,Generalist,Paracou,11,1.616238522,-1.64604,116.6853,2.458197314,1.56,47.21,0.669087067,6.103590357,7.322223,13.53503185,NA
186,Jacaranda,copaia subsp. copaia,Jacaranda_copaia subsp. copaia,TF,Generalist,Paracou,11,5.137738221,-1.37148,146.6009,2.918879393,2.04,53.23,0.514344239,2.416298506,6.814266,13.53503185,291.6666667
187,Jacaranda,copaia subsp. copaia,Jacaranda_copaia subsp. copaia,TF,Generalist,Paracou,11,3.954570823,-1.46716,157.3353,5.389034756,2.33,54.48,0.613814696,2.522635628,6.146863,14.01273885,269.2307692
192,Jacaranda,copaia subsp. copaia,Jacaranda_copaia subsp. copaia,BF,Generalist,Paracou,11,5.523594332,-1.23628,189.0049,4.789405667,1.84,51.25,0.630326414,2.873593171,7.607164,19.42675159,214.7435897
194,Tachigali,melinonii,Tachigali_melinonii,BF,Generalist,Paracou,11,2.334431337,-2.27004,109.8284,6.705212429,2.98,53.65,0.682904163,6.831758599,10.254378,40.76433121,506.4102564
195,Conceveiba,guianensis,Conceveiba_guianensis,TF,Generalist,Paracou,11,0.970206231,-1.66684,105.0102,2.231641037,1.86,45.55,0.711807548,3.219292127,10.254378,14.8089172,NA
150,Bocoa,prouacensis,Bocoa_prouacensis,BF,Generalist,Paracou,13,2.306712264,-2.17852,111.5435,3.190388168,2.28,61.12,0.567735463,3.312621425,9.54106,32.96178344,243.5897436
171,Hymenopus,heteromorphus,Hymenopus_heteromorphus,TF,Generalist,Paracou,13,3.343702008,-1.39644,132.3127,6.217768681,1.22,59.02,0.467003061,3.706427502,5.989002,20.38216561,211.5384615
172,Conceveiba,guianensis,Conceveiba_guianensis,TF,Generalist,Paracou,13,2.538894222,-1.86444,107.9081,2.63444613,2.07,45.06,0.791087067,3.257590357,6.266085,15.92356688,NA
173,Hymenopus,heteromorphus,Hymenopus_heteromorphus,TF,Generalist,Paracou,13,2.946952681,-1.49004,149.0107,8.73221374,1.21,47.6,0.473823979,5.641411063,6.266085,15.44585987,176.2820513
176,Conceveiba,guianensis,Conceveiba_guianensis,BF,Generalist,Paracou,13,1.361101971,-1.92892,163.2007,2.536220081,2.56,48.62,1.665087067,12.86359036,9.54106,20.06369427,NA
185,Hymenopus,heteromorphus,Hymenopus_heteromorphus,TF,Generalist,Paracou,13,2.855331117,-1.52748,149.8935,5.645910347,1.32,56.28,0.480376314,4.172495366,6.266085,14.49044586,189.1025641
196,Hymenopus,heteromorphus,Hymenopus_heteromorphus,BF,Generalist,Paracou,13,1.511649223,-1.46092,112.9451,6.947813386,1.27,53.29,0.472912067,3.489590357,9.54106,13.69426752,291.6666667
198,Hymenopus,heteromorphus,Hymenopus_heteromorphus,TF,Generalist,Paracou,13,2.089745452,-1.57116,115.2944,6.140581903,1.15,50.48,0.469171652,4.228454584,6.266085,18.47133758,227.5641026
199,Bocoa,prouacensis,Bocoa_prouacensis,TF,Generalist,Paracou,13,1.360683785,-1.67516,137.9145,2.790570235,1.91,54.58,0.54968644,4.482304967,5.989002,28.02547771,189.3939394
200,Hymenopus,heteromorphus,Hymenopus_heteromorphus,TF,Generalist,Paracou,13,2.17719165,-1.46092,127.5259,7.23181825,1.09,51.31,0.396587067,3.909840357,6.06824,28.98089172,192.3076923
224,Hymenopus,heteromorphus,Hymenopus_heteromorphus,BF,Generalist,Paracou,13,7.595651934,-1.463,114.257,6.983321087,1.07,50.91,0.467482517,4.392008135,8.45702,17.19745223,NA
211,Conceveiba,guianensis,Conceveiba_guianensis,BF,Generalist,Paracou,13,2.129291016,-1.84156,150.9047,2.391203801,2.03,48.6,1.088131132,8.327754234,7.006417,26.59235669,NA
212,Hymenopus,heteromorphus,Hymenopus_heteromorphus,BF,Generalist,Paracou,13,10.06892355,-1.54828,125.6868,10.18106125,1.12,41.52,0.461475591,4.964126231,7.006417,23.24840764,198.7179487
214,Hymenopus,heteromorphus,Hymenopus_heteromorphus,BF,Generalist,Paracou,13,7.984085981,-1.52124,112.4725,7.6174614,1.25,51.62,0.43010696,2.547043314,7.006417,14.64968153,224.3589744
215,Hymenopus,heteromorphus,Hymenopus_heteromorphus,BF,Generalist,Paracou,13,2.670576849,-1.53164,122.1803,6.453057218,1.08,51.88,0.376335731,2.128961396,9.54106,13.69426752,246.7948718
234,Conceveiba,guianensis,Conceveiba_guianensis,BF,Generalist,Paracou,13,1.804304935,-1.93308,132.0694,2.215024041,1.43,44.94,0.664164164,2.794694838,8.391022,18.63057325,224.3589744
236,Jacaranda,copaia subsp. copaia,Jacaranda_copaia subsp. copaia,BF,Generalist,Paracou,13,3.077516959,-1.34652,208.4942,4.670717077,2.33,49.75,0.856215676,3.651672634,9.54106,22.61146497,365.3846154
238,Hymenopus,heteromorphus,Hymenopus_heteromorphus,BF,Generalist,Paracou,13,4.010263279,-1.80828,114.7503,6.501353469,1.19,43.01,0.4804,2.563650143,9.54106,14.01273885,429.2929293
239,Hymenopus,heteromorphus,Hymenopus_heteromorphus,BF,Generalist,Paracou,13,1.237779447,-1.58364,113.361,6.837753178,1.08,52.05,0.466516966,2.988922298,10.237195,12.89808917,NA
241,Jacaranda,copaia subsp. copaia,Jacaranda_copaia subsp. copaia,BF,Generalist,Paracou,15,5.348448498,-1.40684,167.4322,5.890300833,1.96,53.37,0.596895343,2.26304471,8.124021,22.77070064,301.2820513
242,Bocoa,prouacensis,Bocoa_prouacensis,TF,Generalist,Paracou,15,2.31052645,-1.85196,110.2041,3.04567073,2.66,53.61,0.728043912,6.92180653,5.708247,32.80254777,253.2051282
243,Conceveiba,guianensis,Conceveiba_guianensis,TF,Generalist,Paracou,15,2.038037091,-1.83116,123.6576,2.680802484,1.71,42.79,0.834165834,6.619031112,7.018794,19.42675159,NA
217,Tachigali,melinonii,Tachigali_melinonii,TF,Generalist,Paracou,14,2.477864139,-1.65228,134.5142,8.499800497,3.55,53.27,0.758087067,6.603590357,6.936626,20.06369427,467.9487179
219,Tachigali,melinonii,Tachigali_melinonii,BF,Generalist,Paracou,14,1.104453257,-2.07452,155.7257,8.507388684,3.21,46.79,0.773700217,7.744717998,8.119463,44.62579618,NA
220,Tachigali,melinonii,Tachigali_melinonii,BF,Generalist,Paracou,14,2.349501918,-1.89564,141.5627,8.028764987,3.26,53.43,0.724362181,9.25027528,10.655679,18.15286624,NA
230,Tachigali,melinonii,Tachigali_melinonii,BF,Generalist,Paracou,14,1.844412917,-1.9102,111.0923,6.345961513,2.66,47.74,0.607411117,6.199950068,10.655679,76.63216561,381.4102564
244,Tachigali,melinonii,Tachigali_melinonii,BF,Generalist,Paracou,14,1.659035672,-1.84156,119.1254,8.084969292,2.8,56.14,0.632765531,4.949799742,7.270682,28.50318471,NA
24,Hymenopus,heteromorphus,Hymenopus_heteromorphus,BF,Generalist,Paracou,15,2.738773142,-1.41308,106.5058,5.531225752,1.04,47.06,0.397169848,4.832053278,13.681671,20.54140127,182.6923077
26,Hymenopus,heteromorphus,Hymenopus_heteromorphus,BF,Generalist,Paracou,15,5.084795,-1.41932,105.1839,8.905249824,0.98,50.47,0.404643831,3.191909294,13.681671,16.08280255,253.2051282
27,Bocoa,prouacensis,Bocoa_prouacensis,BF,Generalist,Paracou,15,2.250540971,-1.79164,94.77,6.099445479,1.79,54.88,0.415471923,2.978206488,7.951713,22.13375796,176.2820513
40,Bocoa,prouacensis,Bocoa_prouacensis,BF,Generalist,Paracou,15,2.066248552,-1.9518,143.9768,5.371677771,2.31,52.28,0.786784011,11.11229894,7.876588,16.56050955,173.0769231
32,Tachigali,melinonii,Tachigali_melinonii,TF,Generalist,Paracou,15,1.679278753,-1.61276,112.963,5.880538078,2.96,52.08,0.674115956,5.65765208,7.018794,16.87898089,272.4358974
45,Conceveiba,guianensis,Conceveiba_guianensis,BF,Generalist,Paracou,15,2.039539982,-1.8062,137.6789,3.340272755,1.37,48.15,0.937090007,5.917133118,8.124021,14.96815287,269.2307692
48,Jacaranda,copaia subsp. copaia,Jacaranda_copaia subsp. copaia,BF,Generalist,Paracou,15,4.576298682,-1.34236,186.1683,6.44428456,2.4,51.75,0.653637369,3.033950409,8.124021,13.85350318,198.7179487
52,Hymenopus,heteromorphus,Hymenopus_heteromorphus,BF,Generalist,Paracou,15,2.458965124,-1.51292,112.8116,6.733390678,0.98,48.42,0.448168766,4.100216843,7.876588,16.40127389,371.7948718
53,Bocoa,prouacensis,Bocoa_prouacensis,BF,Generalist,Paracou,15,5.906377798,-1.82284,101.6641,2.938398744,1.81,54.71,0.454589188,2.479967385,7.018794,20.38216561,179.4871795
60,Conceveiba,guianensis,Conceveiba_guianensis,BF,Generalist,Paracou,6,1.36397623,-1.93308,133.7944,2.323969369,1.57,47.94,0.907371559,4.855823208,11.244987,14.49044586,326.9230769
61,Jacaranda,copaia subsp. copaia,Jacaranda_copaia subsp. copaia,TF,Generalist,Paracou,6,2.345965003,-1.39852,265.0262,5.577965057,2.94,51.39,0.995470981,6.858679366,6.146161,14.33121019,256.4102564
65,Tachigali,melinonii,Tachigali_melinonii,BF,Generalist,Paracou,6,2.407274269,-1.78748,112.6976,5.19969728,3.27,53.22,0.831164979,5.893323666,9.227782,22.92993631,573.7179487
66,Protium,stevensonii,Protium_stevensonii,BF,Generalist,Paracou,6,8.635477184,-2.18476,94.6763,3.286537642,1.24,44.5,0.512843488,6.016598656,9.227782,14.64968153,442.3076923
68,Bocoa,prouacensis,Bocoa_prouacensis,BF,Generalist,Paracou,6,0.764152423,-1.8374,141.1589,3.047872961,2.42,53.57,0.883320426,8.187215925,9.678321,21.97452229,192.3076923
69,Tachigali,melinonii,Tachigali_melinonii,BF,Generalist,Paracou,6,2.334865053,-2.13484,114.8148,5.507592375,3.01,52.29,0.793190471,10.98809631,9.227782,54.81687898,538.4615385
57,Conceveiba,guianensis,Conceveiba_guianensis,TF,Generalist,Paracou,6,2.104823454,-1.70012,118.866,3.305424363,1.71,48.47,0.695421056,2.882643419,6.401391,14.17197452,230.7692308
63,Bocoa,prouacensis,Bocoa_prouacensis,TF,Generalist,Paracou,6,2.706064796,-1.70012,114.0677,2.07881816,2.35,53.16,0.533921871,8.113875045,6.401391,16.71974522,NA
70,Conceveiba,guianensis,Conceveiba_guianensis,BF,Generalist,Paracou,6,3.417994117,-1.5566,144.9569,3.814152847,2.03,48.16,0.969087067,8.253590357,10.622149,15.76433121,NA
75,Bocoa,prouacensis,Bocoa_prouacensis,BF,Generalist,Paracou,6,2.113938192,-1.67308,114.7411,2.052559566,1.81,55.08,0.47660197,3.897686887,10.206395,20.70063694,164.1414141
79,Jacaranda,copaia subsp. copaia,Jacaranda_copaia subsp. copaia,TF,Generalist,Paracou,6,2.639649517,-1.34444,259.6947,7.271424474,2.72,50.67,0.676910157,3.779311046,9.552659,16.87898089,150.6410256
72,Conceveiba,guianensis,Conceveiba_guianensis,BF,Generalist,Paracou,6,1.467754842,-1.69596,150.1162,2.937319115,1.43,47.82,1.022087067,7.828590357,10.639692,11.94267516,221.1538462
82,Conceveiba,guianensis,Conceveiba_guianensis,BF,Generalist,Paracou,6,1.737831724,-1.93308,142.3601,2.938310135,1.88,47.32,0.822087067,3.323840357,10.639692,18.47133758,115.3846154
84,Conceveiba,guianensis,Conceveiba_guianensis,BF,Generalist,Paracou,6,1.333014705,-1.83324,135.865,2.653438391,1.45,49.95,0.673760827,2.526116474,10.639692,13.21656051,NA
87,Protium,stevensonii,Protium_stevensonii,TF,Generalist,Paracou,6,6.425506846,-2.10364,182.0009,5.639292631,1.14,45.01,0.482387067,5.368590357,6.746623,20.22292994,NA
90,Conceveiba,guianensis,Conceveiba_guianensis,BF,Generalist,Paracou,6,1.299687271,-1.62732,157.5914,3.194001897,1.96,48.48,1.010608283,6.456503364,11.244987,13.37579618,173.0769231
91,Conceveiba,guianensis,Conceveiba_guianensis,TF,Generalist,Paracou,6,2.370898386,-1.78332,134.1405,2.257198366,1.65,48.18,0.910810042,5.484878162,10.639692,24.20382166,NA
95,Tachigali,melinonii,Tachigali_melinonii,BF,Generalist,Paracou,6,2.768026004,-1.8062,113.7717,5.515421415,2.62,53.36,0.698839967,8.602085144,10.639692,51.91082803,349.3589744
102,Hymenopus,heteromorphus,Hymenopus_heteromorphus,TF,Generalist,Paracou,14,4.202933337,-1.51292,131.9701,5.822936712,1.27,50.93,0.420710291,2.307322052,5.588491,14.8089172,233.974359
110,Protium,stevensonii,Protium_stevensonii,TF,Generalist,Paracou,14,7.266987414,-2.19308,106.3503,4.648128535,1.19,45.12,0.418177978,4.113783465,5.588491,12.57961783,407.0512821
115,Tachigali,melinonii,Tachigali_melinonii,TF,Generalist,Paracou,14,3.071032882,-1.78332,121.6216,6.576315707,3.18,52.55,0.723777623,6.79659886,7.270682,15.44585987,387.8205128
134,Bocoa,prouacensis,Bocoa_prouacensis,BF,Generalist,Paracou,14,1.985193263,-1.84572,123.477,2.149988481,2.3,53.64,0.521087067,8.043590357,7.270682,33.43949045,217.9487179
137,Bocoa,prouacensis,Bocoa_prouacensis,BF,Generalist,Paracou,14,0.948513238,-1.463,191.5473,3.086970271,1.83,51.39,1.028615682,13.07666702,10.077485,26.11464968,NA
141,Tachigali,melinonii,Tachigali_melinonii,BF,Generalist,Paracou,14,3.123310175,-1.87276,133.3333,5.303119834,2.8,51.92,0.660587067,9.678590357,10.655679,66.24203822,333.3333333
145,Protium,stevensonii,Protium_stevensonii,TF,Generalist,Paracou,14,2.138462985,-2.11612,105.6165,5.529564352,1.34,47.34,0.517881771,7.988561762,6.196265,14.8089172,435.8974359
155,Bocoa,prouacensis,Bocoa_prouacensis,TF,Generalist,Paracou,14,6.985443941,-1.4422,99.2789,2.964477202,2.15,62.76,0.421651241,3.981599557,6.196265,16.24203822,NA
188,Jacaranda,copaia subsp. copaia,Jacaranda_copaia subsp. copaia,TF,Generalist,Paracou,11,1.178110674,-1.5254,176.5152,3.297187325,1.75,55.23,0.454370808,2.22053142,8.819272,17.99363057,291.6666667
249,Conceveiba,guianensis,Conceveiba_guianensis,TF,Generalist,Bafog,3,3.503858,-1.65228,171.5801,1.950437986,2.45,46.41,0.967467467,7.788438581,6.107582,14.65,166.6666667
254,Conceveiba,guianensis,Conceveiba_guianensis,TF,Generalist,Bafog,3,2.5643,-1.8894,139.9065,3.4075466,1.61,48.26,0.774937343,6.807669316,6.107582,24.84,445.5128205
257,Protium,stevensonii,Protium_stevensonii,TF,Generalist,Bafog,3,3.157043,-2.18476,133.0747,3.651906095,1.62,47.16,0.749624437,11.2375064,6.107582,14.65,705.1282051
276,Conceveiba,guianensis,Conceveiba_guianensis,TF,Generalist,Bafog,3,4.929486,-1.46716,125.4709,2.047213513,2.08,50.62,0.863,7.705650143,6.107582,19.75,330.1282051
277,Protium,stevensonii,Protium_stevensonii,TF,Generalist,Bafog,3,4.31204,-2.21804,116.3226,3.933811337,1.73,46.7,0.896793587,5.872394933,7.381081,29.3,829.0816327
278,Hymenopus,heteromorphus,Hymenopus_heteromorphus,TF,Generalist,Bafog,3,3.743617,-1.63564,109.5452,7.120377903,1.61,53.33,0.637456184,4.638858431,7.381081,36.94,250
279,Tachigali,melinonii,Tachigali_melinonii,TF,Generalist,Bafog,3,4.183647,-1.81452,108.1266,8.581008965,3.31,52.64,0.698103792,7.765119903,7.381081,30.02,333.3333333
280,Hymenopus,heteromorphus,Hymenopus_heteromorphus,TF,Generalist,Bafog,3,2.281178,-1.3486,147.5697,9.758909009,1.47,52.01,0.870564718,8.226536874,7.381081,23.57,NA
282,Protium,stevensonii,Protium_stevensonii,TF,Generalist,Bafog,3,7.032229,-2.5134,215.493,4.729328255,2.64,50.45,0.881795511,14.32483805,7.381081,25.64,NA
286,Hymenopus,heteromorphus,Hymenopus_heteromorphus,TF,Generalist,Bafog,3,2.432508,-1.68348,126.8632,7.039671033,1.5,54.42,0.741111668,6.540460834,7.381081,20.86,NA
288,Hymenopus,heteromorphus,Hymenopus_heteromorphus,TF,Generalist,Bafog,3,2.851524,-1.5774,134.4428,9.545785357,1.57,50.86,1.12,10.66065014,7.381081,18.47,NA
290,Hymenopus,heteromorphus,Hymenopus_heteromorphus,TF,Generalist,Bafog,3,2.483315,-1.68972,165.1028,8.3775872,1.47,54.51,0.591908092,5.645005138,7.381081,21.97,NA
296,Hymenopus,heteromorphus,Hymenopus_heteromorphus,BF,Generalist,Bafog,3,3.204499,-1.63772,177.8918,7.432071132,1.57,51.51,0.785177767,9.114321625,7.826711,18.63,NA
297,Conceveiba,guianensis,Conceveiba_guianensis,BF,Generalist,Bafog,3,3.794632,-1.6918,152.6973,4.617898671,1.94,49.27,0.977057357,5.282444033,7.826711,25,391.1564626
298,Jacaranda,copaia subsp. copaia,Jacaranda_copaia subsp. copaia,BF,Generalist,Bafog,3,12.09696,-1.47756,151.3398,3.73058136,1.97,53.42,0.531702446,2.354118964,6.353528,21.34,318.877551
299,Tachigali,melinonii,Tachigali_melinonii,BF,Generalist,Bafog,3,4.203399,-2.10156,144.6591,8.360967863,3.57,53.18,0.825262107,7.030104985,6.785499,45.02,386.9047619
302,Conceveiba,guianensis,Conceveiba_guianensis,BF,Generalist,Bafog,3,5.240519,-1.80828,141.0529,3.535718619,1.66,43.88,0.91958042,3.591308834,6.785499,13.22,238.0952381
303,Hymenopus,heteromorphus,Hymenopus_heteromorphus,BF,Generalist,Bafog,3,3.174395,-1.73964,168.3889,7.598440142,1.87,54.86,1.058852868,8.614114856,6.785499,21.66,NA
312,Hymenopus,heteromorphus,Hymenopus_heteromorphus,BF,Generalist,Bafog,3,6.54674,-1.67516,132.457,8.259679514,1.82,57.62,0.736131934,6.717291497,6.785499,20.22,255.1020408
313,Hymenopus,heteromorphus,Hymenopus_heteromorphus,BF,Generalist,Bafog,3,3.556012,-1.54412,158.7368,7.698960889,1.63,52.38,0.626065163,5.078346008,7.77657,23.89,187.0748299
320,Jacaranda,copaia subsp. copaia,Jacaranda_copaia subsp. copaia,TF,Generalist,Bafog,3,3.118658,-1.46508,168.6762,4.819436753,2.76,52.13,0.67883942,2.632966626,7.77657,26.43,293.3673469
321,Tachigali,melinonii,Tachigali_melinonii,TF,Generalist,Bafog,3,3.88305,-1.98092,107.4136,8.202116849,3.03,53.02,0.68452679,5.914521926,7.77657,15.29,442.1768707
322,Tachigali,melinonii,Tachigali_melinonii,TF,Generalist,Bafog,3,3.035936,-1.7022,103.8397,8.21967449,2.95,52.01,0.677661169,6.057621332,7.77657,30.02,420.9183673
323,Tachigali,melinonii,Tachigali_melinonii,TF,Generalist,Bafog,3,4.816843,-1.7542,115.5975,9.276357123,3.07,52.57,0.656312625,4.296994131,7.77657,0,386.9047619
325,Protium,stevensonii,Protium_stevensonii,TF,Generalist,Bafog,3,10.06892355,-2.24508,88.6368,4.668239608,1.06,43.88,0.38961039,2.639760382,5.739544,20.38,386.9047619
326,Protium,stevensonii,Protium_stevensonii,TF,Generalist,Bafog,3,6.427771,-2.503,79.6561,3.375218693,1.24,43.99,0.562781391,4.324562424,5.739544,40.76,535.7142857
340,Tachigali,melinonii,Tachigali_melinonii,BF,Generalist,Bafog,5,3.88766,-1.71468,113.301,6.700173808,3.29,52.82,0.722915627,5.961707581,10.154291,23.25,399.6598639
355,Conceveiba,guianensis,Conceveiba_guianensis,TF,Generalist,Bafog,2,10.4339,-2.09532,142.7087,2.256422824,2.14,48.04,0.689276808,4.807631065,6.488138,12.9,161.5646259
359,Conceveiba,guianensis,Conceveiba_guianensis,TF,Generalist,Bafog,2,4.959835,-1.67308,142.4072,2.879847623,1.3,47.23,0.56078039,3.243271779,6.274916,21.34,NA
360,Bocoa,prouacensis,Bocoa_prouacensis,TF,Generalist,Bafog,2,4.425597,-1.5566,118.4593,3.133222416,2.47,55.85,0.481618382,2.949200942,5.393234,20.86,238.0952381
365,Bocoa,prouacensis,Bocoa_prouacensis,TF,Generalist,Bafog,2,5.672452,-1.32364,143.6964,4.551097218,2.12,55.71,0.320610305,1.945122704,5.393234,17.83,NA
371,Jacaranda,copaia subsp. copaia,Jacaranda_copaia subsp. copaia,TF,Generalist,Bafog,2,8.454174,-1.35692,212.9209,5.955287746,2.78,55.24,0.705294705,3.023376766,5.510303,36.62,208.3333333
372,Bocoa,prouacensis,Bocoa_prouacensis,TF,Generalist,Bafog,2,2.784143,-1.41724,148.7264,3.094793467,2.53,52.56,0.840100251,7.514436233,5.510303,35.02,191.3265306
373,Bocoa,prouacensis,Bocoa_prouacensis,TF,Generalist,Bafog,2,3.227935,-1.7646,122.7016,3.785245594,2.62,54.14,0.52173913,4.099100593,5.510303,31.21,246.5986395
377,Bocoa,prouacensis,Bocoa_prouacensis,TF,Generalist,Bafog,2,8.256608,-1.44636,172.7413,2.651837385,0.96,48.17,0.360170341,3.994889923,5.865359,18.79,204.0816327
382,Bocoa,prouacensis,Bocoa_prouacensis,TF,Generalist,Bafog,2,2.685967,-2.01836,85.2499,3.777653357,2.38,55.82,0.428220861,3.809660855,5.865359,37.58,297.6190476
384,Tachigali,melinonii,Tachigali_melinonii,BF,Generalist,Bafog,5,3.342247,-1.5982,129.2829,5.807683819,3.3,50.54,0.784302436,8.891396854,11.113003,50.03,NA
386,Tachigali,melinonii,Tachigali_melinonii,BF,Generalist,Bafog,5,6.714688,-1.72924,114.5758,8.229903862,2.82,52.93,0.728083401,6.775564257,10.762482,65.03,NA
390,Conceveiba,guianensis,Conceveiba_guianensis,BF,Generalist,Bafog,5,5.666506,-1.63356,131.7293,2.565464235,2.08,49.22,0.877885307,5.006119227,10.762482,15.76,246.5986395
396,Jacaranda,copaia subsp. copaia,Jacaranda_copaia subsp. copaia,BF,Generalist,Bafog,5,13.11773,-1.37772,176.7251,6.057422258,2.02,50.57,0.589943078,2.842560467,11.113003,25.32,NA
401,Conceveiba,guianensis,Conceveiba_guianensis,BF,Generalist,Bafog,5,3.446251,-1.4838,115.2944,1.876587319,2.14,46.12,0.825698945,4.902369423,11.113003,22.61,NA
402,Conceveiba,guianensis,Conceveiba_guianensis,BF,Generalist,Bafog,5,2.327593,-1.567,151.7562,3.692194991,2.03,46.88,1.08858602,6.21120294,8.238202,15.61,378.4013605
404,Tachigali,melinonii,Tachigali_melinonii,BF,Generalist,Bafog,5,5.011782,-1.6086,129.4737,4.99236216,3.35,51.51,0.637488216,5.637350645,11.113003,13.54,NA
405,Jacaranda,copaia subsp. copaia,Jacaranda_copaia subsp. copaia,BF,Generalist,Bafog,5,6.656671,-1.30492,203.1197,5.220151208,2.23,51.06,0.560043214,2.316283488,11.113003,12.58,NA
408,Tachigali,melinonii,Tachigali_melinonii,BF,Generalist,Bafog,5,4.961254,-1.62732,127.081,8.086412223,2.76,54.3,0.682921731,7.474887902,12.552481,25,NA
413,Tachigali,melinonii,Tachigali_melinonii,BF,Generalist,Bafog,5,4.605319,-1.879,121.6927,9.488850673,2.88,49.68,0.694263192,7.543625346,12.710695,16.72,NA
418,Protium,stevensonii,Protium_stevensonii,TF,Generalist,Bafog,5,4.437445,-1.8478,128.3752,3.335817096,1.47,46.42,0.672772351,5.947546666,5.813896,25.8,NA
419,Hymenopus,heteromorphus,Hymenopus_heteromorphus,TF,Generalist,Bafog,5,4.140286,-1.41724,122.117,9.680848158,1.48,52.92,0.416087323,3.365673857,5.813896,15.29,NA
420,Protium,stevensonii,Protium_stevensonii,TF,Generalist,Bafog,5,7.880406,-1.98092,108.8161,4.184854186,1.66,40.36,0.732361735,3.792313817,5.813896,18.47,NA
421,Protium,stevensonii,Protium_stevensonii,TF,Generalist,Bafog,5,1.678929242,-1.92684,100.7465,6.293527676,1.45,50.29,0.626263192,3.469375346,5.813896,20.06,NA
422,Protium,stevensonii,Protium_stevensonii,TF,Generalist,Bafog,5,10.05444,-2.14732,77.5261,4.112453043,1.25,40.33,0.476264457,3.895771117,6.104334,24.68,NA
426,Jacaranda,copaia subsp. copaia,Jacaranda_copaia subsp. copaia,TF,Generalist,Bafog,5,7.84765,-1.19052,295.5439,5.600437565,2.75,50.16,0.757263192,4.102375346,6.104334,15.92,153.0612245
428,Conceveiba,guianensis,Conceveiba_guianensis,TF,Generalist,Bafog,5,4.836486,-1.8894,149.8317,5.131281138,2.03,45.71,0.75401721,3.442567914,6.104334,16.88,NA
432,Conceveiba,guianensis,Conceveiba_guianensis,TF,Generalist,Bafog,5,3.807096,-2.05788,127.4673,3.382359164,2.76,44.6,1.019243948,9.24937597,7.888434,20.06,527.2108844
434,Tachigali,melinonii,Tachigali_melinonii,BF,Generalist,Bafog,5,3.596218,-1.6918,110.5125,6.89265238,2.95,52.43,0.754385999,6.400425134,11.113003,55.03,391.1564626
438,Tachigali,melinonii,Tachigali_melinonii,BF,Generalist,Bafog,5,2.545828,-1.60028,139.6169,6.176597668,3.49,50.33,0.795752574,5.557519144,12.552481,16.24,NA
439,Tachigali,melinonii,Tachigali_melinonii,BF,Generalist,Bafog,5,3.035404,-1.52748,113.5172,8.234568469,2.69,47.57,0.550212979,4.825549796,12.552481,18.31,NA
440,Conceveiba,guianensis,Conceveiba_guianensis,BF,Generalist,Bafog,5,1.692948,-1.51084,156.0721,4.347371367,2.24,50.76,1.088130996,5.430479627,12.552481,15.45,229.5918367
442,Protium,stevensonii,Protium_stevensonii,BF,Generalist,Bafog,5,2.597978,-1.9518,114.6719,4.090350386,1.5,47.74,0.669767844,8.155859135,6.470211,35.03,NA
444,Conceveiba,guianensis,Conceveiba_guianensis,TF,Generalist,Bafog,5,1.592774,-1.48172,156.662,3.271409383,1.68,48.39,0.719842957,2.825113016,10.154291,16.08,259.3537415
445,Protium,stevensonii,Protium_stevensonii,BF,Generalist,Bafog,5,7.58401,-1.76044,103.4834,4.006140739,1.55,48.85,0.701561631,6.626998348,10.762482,55.03,607.9931973
448,Hymenopus,heteromorphus,Hymenopus_heteromorphus,TF,Generalist,Bafog,5,2.79263,-1.55244,153.1651,9.012518915,1.8,51.7,0.507263192,2.621375346,6.938632,11.62,NA
450,Jacaranda,copaia subsp. copaia,Jacaranda_copaia subsp. copaia,TF,Generalist,Bafog,5,10.69557,-1.40684,132.2789,4.671842311,2.02,54.35,0.477685507,2.08903631,6.104334,31.37,250.8503401
452,Hymenopus,heteromorphus,Hymenopus_heteromorphus,TF,Generalist,Bafog,3,2.639885,-1.63148,122.4239,7.089327888,1.69,58.59,0.523763192,5.188625346,7.826711,22.61,NA
453,Bocoa,prouacensis,Bocoa_prouacensis,TF,Generalist,Bafog,3,4.841359,-1.55868,143.9768,4.909264143,2.67,54.21,0.591558972,5.746498595,7.826711,20.7,148.8095238
457,Hymenopus,heteromorphus,Hymenopus_heteromorphus,TF,Generalist,Bafog,3,6.267213,-1.6294,130.0184,8.757277219,1.73,52.75,0.527235956,3.321054292,7.381081,22.45,NA
462,Conceveiba,guianensis,Conceveiba_guianensis,TF,Generalist,Bafog,3,6.472112,-1.61276,139.1588,2.932217143,1.96,48.94,0.895053299,4.650927201,6.353528,11.94,NA
463,Bocoa,prouacensis,Bocoa_prouacensis,TF,Generalist,Bafog,3,5.246635,-1.66268,99.8352,2.954881469,2.25,53.85,0.542720472,5.578047299,6.353528,13.06,267.8571429
465,Jacaranda,copaia subsp. copaia,Jacaranda_copaia subsp. copaia,TF,Generalist,Bafog,3,15.38961,-1.52956,198.1315,5.158792731,2.04,51.67,0.578341534,2.491116463,7.77657,12.9,246.5986395
468,Conceveiba,guianensis,Conceveiba_guianensis,TF,Generalist,Bafog,2,2.231299,-1.61276,113.4184,2.884408061,2.02,47.87,0.848384153,5.216667014,5.393234,13.38,NA
469,Bocoa,prouacensis,Bocoa_prouacensis,TF,Generalist,Bafog,2,3.127806,-1.61276,117.6294,4.477478687,2.44,53.27,0.593778745,7.350249722,6.949512,19.75,276.3605442
472,Bocoa,prouacensis,Bocoa_prouacensis,TF,Generalist,Bafog,2,6.63421,-1.63772,110.7832,4.314016072,2.19,54.52,0.449813192,3.084125346,6.949512,32.64,233.8435374
474,Tachigali,melinonii,Tachigali_melinonii,TF,Generalist,Kaw,Kaw,2.760483719,-1.7334,143.9678,6.243203549,3.02,51.14,0.801263192,7.118625346,6.166006,31.5,352.8911565
475,Tachigali,melinonii,Tachigali_melinonii,TF,Generalist,Kaw,Kaw,3.045359677,-1.6502,128.6756,8.329324525,3.09,52.52,0.734427124,4.314588874,6.166006,39,446.4285714
476,Tachigali,melinonii,Tachigali_melinonii,TF,Generalist,Kaw,Kaw,5.132985709,-1.87692,122.7688,12.0273488,2.92,50.13,0.767682398,6.730451475,6.166006,35.3,416.6666667
481,Hymenopus,heteromorphus,Hymenopus_heteromorphus,TF,Generalist,Kaw,Kaw,1.778309,-1.44012,117.9816,7.918479612,1.33,50.62,0.459668855,3.823977391,6.350865,12.8,191.3265306
484,Hymenopus,heteromorphus,Hymenopus_heteromorphus,TF,Generalist,Kaw,Kaw,5.897607982,-1.67308,121.327,8.516119942,1.01,39.61,0.474526875,4.672194859,6.143994,19.5,323.1292517
494,Bocoa,prouacensis,Bocoa_prouacensis,TF,Generalist,Kaw,Kaw,2.912711464,-1.82284,206.9529,4.519627905,2.13,52.78,1.040202888,9.928732248,6.166006,27.4,191.3265306
495,Hymenopus,heteromorphus,Hymenopus_heteromorphus,TF,Generalist,Kaw,Kaw,2.455482977,-1.53788,111.7129,5.198472472,1.44,51.58,0.462431976,4.031859416,6.756272,45,233.8435374
497,Tachigali,melinonii,Tachigali_melinonii,TF,Generalist,Kaw,Out1,2.512737352,-1.7334,125.5674,7.712949647,3.4,52.82,0.81004812,5.725037789,8.813516,13.1,480.4421769
499,Tachigali,melinonii,Tachigali_melinonii,TF,Generalist,Kaw,Kaw,2.476873942,-1.8582,116.3964,5.604807218,3.34,53.12,0.774713765,6.26110314,6.961741,15.29,450.6802721
500,Hymenopus,heteromorphus,Hymenopus_heteromorphus,TF,Generalist,Kaw,Kaw,4.435612667,-1.45676,108.0622,6.476054444,1.14,52.93,0.464459274,3.27856821,6.908254,22.9,238.0952381
502,Jacaranda,copaia subsp. copaia,Jacaranda_copaia subsp. copaia,TF,Generalist,Kaw,Kaw,5.919884405,-1.70636,180.1179,4.811535963,2.18,51.95,0.494813192,2.477125346,6.143994,15.6,340.1360544
503,Tachigali,melinonii,Tachigali_melinonii,TF,Generalist,Kaw,Kaw,2.642518672,-1.75628,147.3029,9.566811926,2.82,52.52,0.477907378,3.289047252,6.143994,14.4,NA
504,Jacaranda,copaia subsp. copaia,Jacaranda_copaia subsp. copaia,TF,Generalist,Kaw,Crique Gabrielle,5.025536163,-1.46924,157.8159,4.161429844,2.51,51.2,0.600763192,2.655125346,9.898855,14.7,361.3945578
506,Jacaranda,copaia subsp. copaia,Jacaranda_copaia subsp. copaia,TF,Generalist,Kaw,Kaw,1.623160959,-1.3278,258.3207,7.380803019,3.11,53.18,1.155030646,5.125936441,8.694102,33,493.1972789
508,Jacaranda,copaia subsp. copaia,Jacaranda_copaia subsp. copaia,TF,Generalist,Kaw,Kaw,4.298928983,-1.32572,240.9278,7.639311642,2.32,53.73,0.86852614,3.455713918,8.020427,45,395.4081633
510,Jacaranda,copaia subsp. copaia,Jacaranda_copaia subsp. copaia,TF,Generalist,Kaw,Kaw,4.475193048,-1.26124,204.6803,6.12516208,2.26,53.74,0.86090229,3.510864482,8.020427,19,386.9047619
514,Jacaranda,copaia subsp. copaia,Jacaranda_copaia subsp. copaia,TF,Generalist,Kaw,Kaw,13.03229604,-1.53372,159.1846,8.021983015,1.65,53.62,0.485906145,2.094172432,7.879825,26.5,416.6666667
517,Jacaranda,copaia subsp. copaia,Jacaranda_copaia subsp. copaia,TF,Generalist,Kaw,Kaw,8.703546241,-1.41516,231.7935,6.174756975,2.97,54.27,1.030840293,3.17606551,6.198997,33.1,586.7346939
519,Hymenopus,heteromorphus,Hymenopus_heteromorphus,TF,Generalist,Kaw,Kaw,5.51243494,-1.51708,104.7619,5.625542383,1.19,51.84,0.423988192,2.253625346,6.908254,60,187.0748299
524,Jacaranda,copaia subsp. copaia,Jacaranda_copaia subsp. copaia,TF,Generalist,Kaw,Kaw,6.993509148,-1.72508,249.8727,6.224422047,2.43,49.61,0.893369822,4.290584761,6.905595,50,352.8911565
528,Tachigali,melinonii,Tachigali_melinonii,TF,Generalist,Kaw,Kaw,1.994601026,-1.68764,124.822,8.448759444,2.95,51.98,0.689297138,5.531923231,7.841443,35.03,539.9659864
529,Bocoa,prouacensis,Bocoa_prouacensis,TF,Generalist,Kaw,Kaw,5.198759573,-1.91436,126.3791,6.287527774,2.73,53.43,0.629448468,8.2644931,7.841443,45,212.585034
572,Tachigali,melinonii,Tachigali_melinonii,TF,Generalist,Kaw,Tresor,1.545985395,-1.72924,126.2172,12.29448429,2.88,54.61,0.777353669,5.925088367,5.707512,50,514.4557823
573,Jacaranda,copaia subsp. copaia,Jacaranda_copaia subsp. copaia,TF,Generalist,Kaw,Tresor,4.029042671,-1.34652,216.5836,10.4139326,2.61,53.53,0.7464001,2.580355467,6.816395,32,242.3469388
574,Tachigali,melinonii,Tachigali_melinonii,TF,Generalist,Kaw,Tresor,2.154493704,-1.75836,145.2532,13.442167,2.86,51.77,0.740409086,7.263081378,5.707512,47,569.7278912
575,Tachigali,melinonii,Tachigali_melinonii,TF,Generalist,Kaw,Tresor,2.14236006,-1.61276,118.1284,8.39173771,2.9,52.64,0.7980197,6.458976,7.479839,60,446.4285714
576,Protium,stevensonii,Protium_stevensonii,TF,Generalist,Kaw,Tresor,3.991562963,-2.10572,91.9549,4.163448352,1.38,47.19,0.595114815,4.240216216,6.754034,60,684.5238095
577,Jacaranda,copaia subsp. copaia,Jacaranda_copaia subsp. copaia,TF,Generalist,Kaw,Tresor,1.447121502,-1.34236,209.9057,10.27554647,2.06,53.59,0.8410197,5.061476,5.707512,40.7,480.4421769
587,Bocoa,prouacensis,Bocoa_prouacensis,TF,Generalist,Kaw,Tresor,2.705383147,-1.55036,135.4159,5.55505343,2.59,54.78,0.646726248,4.75297006,6.345963,19.4,144.5578231
601,Hymenopus,heteromorphus,Hymenopus_heteromorphus,BF,Generalist,Kaw,Out1,6.916996,-1.26748,134.6643,3.96880718,1.28,51.83,0.48658186,2.442927928,8.813516,25,122.2363946
602,Hymenopus,heteromorphus,Hymenopus_heteromorphus,BF,Generalist,Kaw,Out1,3.164967,-1.38812,157.0769,4.233277429,1.27,46.65,0.47688372,3.222596298,8.813516,25,127.5510204
604,Hymenopus,heteromorphus,Hymenopus_heteromorphus,BF,Generalist,Kaw,Out1,3.923482,-1.39228,155.7381,3.65431611,1.01,48.32,0.443038316,3.587322322,8.813516,20,136.0544218
625,Jacaranda,copaia subsp. copaia,Jacaranda_copaia subsp. copaia,BF,Generalist,Kaw,Out2,4.223842,-1.46092,216.3763,8.94039502,3.18,56.05,1.275610826,4.589916063,8.638255,31.5,429.4217687
640,Tachigali,melinonii,Tachigali_melinonii,BF,Generalist,Kaw,Out2,2.036127,-1.84156,121.7039,9.326315335,3.12,51.45,0.779299853,6.513640853,16.003884,63.5,437.9251701
641,Tachigali,melinonii,Tachigali_melinonii,BF,Generalist,Kaw,Out2,3.478859,-1.90812,105.3247,8.496987302,3.2,48.94,0.677661169,6.26110314,9.564647,15.5,497.4489796
642,Tachigali,melinonii,Tachigali_melinonii,BF,Generalist,Kaw,Out2,2.298848,-2.0038,106.7815,7.680951398,3.08,52.9,0.791090944,6.134775629,9.564647,55,731.292517
643,Jacaranda,copaia subsp. copaia,Jacaranda_copaia subsp. copaia,BF,Generalist,Kaw,Out2,3.174395,-1.49004,209.2466,4.608843936,2.45,53.06,1.091163108,13.36902954,14.969712,48,331.6326531
644,Jacaranda,copaia subsp. copaia,Jacaranda_copaia subsp. copaia,BF,Generalist,Kaw,Out2,2.720331,-1.2654,274.6926,6.533937999,2.47,52.18,0.780129658,3.047070248,8.638255,25,408.1632653
651,Jacaranda,copaia subsp. copaia,Jacaranda_copaia subsp. copaia,BF,Generalist,Kaw,Out2,2.147432,-1.35276,309.0172,5.632722075,2.27,51.84,1.11955978,14.03964983,11.688863,21,382.6530612
665,Protium,stevensonii,Protium_stevensonii,TF,Generalist,Paracou,16,4.784210557,-1.95596,116.2018,7.598868162,1.22,46.88,0.55440867,10.77018122,6.876084,47.61146497,349.3589744
666,Protium,stevensonii,Protium_stevensonii,TF,Generalist,Paracou,16,8.077749389,-2.19724,80.8978,5.702590376,1.08,41.31,0.497344542,4.502395644,6.876084,38.37579618,525.6410256
667,Conceveiba,guianensis,Conceveiba_guianensis,TF,Generalist,Paracou,16,2.878981537,-1.9726,113.6686,3.686513002,2.05,52.64,0.803897904,2.645568069,6.246121,15.2866242,250
670,Protium,stevensonii,Protium_stevensonii,BF,Generalist,Paracou,16,10.05444,-2.61116,102.2159,7.338997493,1.21,48.08,0.495149853,3.812640853,10.288774,66.87898089,381.4102564
672,Protium,stevensonii,Protium_stevensonii,TF,Generalist,Paracou,16,8.344425908,-2.51548,117.8646,6.337083287,1.24,42.98,0.451720552,7.744280153,7.159404,15.76433121,323.7179487
679,Conceveiba,guianensis,Conceveiba_guianensis,TF,Generalist,Paracou,16,1.714733062,-2.24508,136.9405,2.572333357,2.19,47.12,0.814892407,4.481400153,8.377757,14.17197452,217.9487179
680,Protium,stevensonii,Protium_stevensonii,BF,Generalist,Paracou,16,10.74598374,-2.56332,99.8413,9.109192805,1.1,44.11,0.579850227,8.183182896,6.246121,26.75159236,605.7692308
685,Protium,stevensonii,Protium_stevensonii,TF,Generalist,Paracou,16,5.601829856,-2.53836,112.8387,9.94386385,1.21,48.2,0.584151739,9.402280096,6.596932,30.73248408,407.0512821
688,Protium,stevensonii,Protium_stevensonii,TF,Generalist,Paracou,16,2.274851199,-2.36364,104.0495,8.107924315,1.19,48.27,0.55190366,9.597836526,6.876084,47.61146497,432.6923077
689,Protium,stevensonii,Protium_stevensonii,TF,Generalist,Paracou,16,2.968198533,-2.0246,107.2731,5.065592339,1.26,48.66,0.573873727,8.507148001,6.246121,26.75159236,455.1282051
12,Jacaranda,copaia subsp. copaia,Jacaranda_copaia subsp. copaia,TF,Generalist,Paracou,15,3.59116334,-1.6502,169.5652,5.641290553,2.07,53.18,0.658318392,3.419418838,5.82837,28.50318471,266.025641
174,Jacaranda,copaia subsp. copaia,Jacaranda_copaia subsp. copaia,BF,Generalist,Paracou,11,4.102200236,-1.97052,124.633,3.141505454,1.78,54.33,0.464594364,2.341761238,7.322223,12.89808917,262.8205128
180,Jacaranda,copaia subsp. copaia,Jacaranda_copaia subsp. copaia,BF,Generalist,Paracou,11,4.439291834,-1.35692,141.0851,3.540836814,2.32,58.79,0.636268932,2.784198258,7.776605,14.96815287,288.4615385
55,Jacaranda,copaia subsp. copaia,Jacaranda_copaia subsp. copaia,TF,Generalist,Paracou,6,9.496962121,-1.34652,194.7613,6.89298615,1.79,52.55,0.473247306,2.772398381,10.622149,18.78980892,294.8717949
71,Jacaranda,copaia subsp. copaia,Jacaranda_copaia subsp. copaia,TF,Generalist,Paracou,6,2.754423783,-1.51084,180.4387,5.970975267,1.98,53.22,0.697633517,4.48782209,9.552659,34.39490446,250
135,Jacaranda,copaia subsp. copaia,Jacaranda_copaia subsp. copaia,BF,Generalist,Paracou,14,9.317291149,-1.6398,99.1276,4.712539573,1.75,54.28,0.453806357,4.081468155,6.136616,20.06369427,269.2307692
658,Jacaranda,copaia subsp. copaia,Jacaranda_copaia subsp. copaia,BF,Generalist,Paracou,16,1.59265809,-1.28204,286.6152,7.101947606,3.22,52.49,1.11955978,17.89565014,9.992872,18.15286624,407.0512821
668,Tachigali,melinonii,Tachigali_melinonii,BF,Generalist,Paracou,16,5.308709648,-2.04748,98.9886,10.60809496,2.6,51.04,0.624862559,3.041079234,8.59501,39.33121019,467.9487179
671,Jacaranda,copaia subsp. copaia,Jacaranda_copaia subsp. copaia,BF,Generalist,Paracou,16,8.779994208,-1.34652,195.9148,9.532060642,2.6,51.86,0.681459123,3.236522592,10.288774,14.8089172,266.025641
652,Jacaranda,copaia subsp. copaia,Jacaranda_copaia subsp. copaia,BF,Generalist,Kaw,Out2,8.688249,-1.72508,136.6074,5.655426495,1.59,56.26,0.779703785,4.701642821,10.442858,22,369.8979592
245,Jacaranda,copaia subsp. copaia,Jacaranda_copaia subsp. copaia,TF,Generalist,Bafog,3,6.821483,-1.63148,154.0933,7.164531409,2.44,53.45,0.660349127,2.691670965,6.107582,28.66,291.6666667
255,Protium,stevensonii,Protium_stevensonii,TF,Generalist,Bafog,3,7.289699,-2.10572,95.3735,4.403305071,1.47,45.59,0.541,7.315650143,6.107582,20.38,506.4102564
268,Tachigali,melinonii,Tachigali_melinonii,TF,Generalist,Bafog,3,4.261451,-1.71468,130.8624,7.578311694,0.98,45.06,0.568100388,6.730451475,7.381081,20.22,NA
427,Hymenopus,heteromorphus,Hymenopus_heteromorphus,TF,Generalist,Bafog,5,2.202207,-1.85404,127.3967,4.291911707,1.84,53.32,0.448889303,3.353272074,6.104334,19.59,395.4081633
447,Jacaranda,copaia subsp. copaia,Jacaranda_copaia subsp. copaia,TF,Generalist,Bafog,5,6.505618,-1.6918,183.4211,8.003939305,2.46,52.08,0.666429977,2.603573559,6.938632,34.87,178.5714286
449,Jacaranda,copaia subsp. copaia,Jacaranda_copaia subsp. copaia,TF,Generalist,Bafog,5,4.759152,-1.53372,167.7869,6.073328225,2.78,51.09,0.697414485,3.44415327,5.813896,31.37,225.3401361
464,Jacaranda,copaia subsp. copaia,Jacaranda_copaia subsp. copaia,TF,Generalist,Bafog,3,6.644061,-1.70636,164.5655,6.078077682,2.24,52.29,0.529527956,2.58666868,6.785499,12.58,314.6258503
470,Jacaranda,copaia subsp. copaia,Jacaranda_copaia subsp. copaia,TF,Generalist,Bafog,2,8.073149,-1.90188,123.9793,7.418493599,2.49,52.3,0.602263192,2.757125346,6.949512,28.82,272.1088435
